ProdDate,MonthlyOil(m3),AvgDlyOil(m3/d),CalDlyOil(m3/d),CumPrdOil(m3),MonthlyGas(E3m3),AvgDlyGas(E3m3/d),CalDlyGas(E3m3/d),CumPrdGas(E3m3),MonthlyWater(m3),AvgDlyWtr(m3/d),CalDlyWtr(m3/d),CumPrdWtr(m3),MonthlyFluid(m3),AvgDlyFluid(m3/d),CalDlyFluid(m3/d),CumPrdFluid(m3),MonInjGas(E3m3),AvgInjGas(E3m3/d),CalInjGas(E3m3/d),CumInjGas(E3m3),MonInjWtr(m3),AvgInjWtr(m3/d),CalInjWtr(m3/d),CumInjWtr(m3),MonInjSlv(E3m3),AvgInjSlv(E3m3/d),CalInjSlv(E3m3/d),CumInjSlv(E3m3),InjHours(hr),PrdHours(hr),Inj/PrdHours(hr),WCT(%),OCT(%),GOR(m3/m3),WGR(m3/E3m3),WOR(m3/m3),NbrofWells,MonInjSteam(m3),AvgInjSteam(m3/d),CalInjSteam(m3/d),CumInjSteam(m3),CumulativeMonth,MonthsNCG,SOR,MonInjGas(m3),CumInjGas(m3),CumPrdOilSinceSteamInj(m3),OilRate,SteamRate,SteamRateOverOilRate,DeltaMonInjSteam(m3),delta_wells,delta_SOR,delta_delta_SOR,CumPrdHours(hr),cSOR,cN/S,Ncg/O,NCG/S,time,NewOilRate,Prod/Inj,delta_OCT(%),delta_steam,delta_oil,delta_lnncg,delta_ncg,CalInjGas(m3/d),delta_PrdHours,delta_Inj/PrdHours,delta_cSOR,delta_delta_cSOR,scale,oil/wellhours(m3/d/well/hr),steam/wellhours(m3/d/well/hr),daily_sor,delta_sor_wellhour,Ncg/steam,lnncg,lnncg/steam,ncg/scale,oil/scale,Ncg/oil,OilRate/lnncg,cumsteam/oil,SteamRate/PrdHours,CumPrdHours(hr)/OilRate,CumOil/CumPrdHours,PrdHours(hr)/wells,min_sor,CumSteam/Months,cum_injected_volume,cum_produced_volume,system_volume,NCG_6_month_avg,SOR_6_month_avg,OIL_6_month_avg
2016-03-01,2320.2,250.61,74.85,10847.9,20.9,2.34,0.67,261.3,5623.9,618.37,181.42,15757.7,7944.1,868.99,256.26,26605.6,0.0,0.0,0.0,0.0,0,0.0,0.0,0,0,0,0,0,7032,1032,8064,70.79,29.21,9.01,269.09,2.42,12,50450.0,2081.66,1627.42,77653.2,1,0,21.743815188345835,0.0,0.0,2320.2,2.248255813953488,7.174345847554038,3.191071853579764,53937225.35999999,0.0,-inf,0.0,1032,7.158362448031416,0.0,0.0,0.0,1.5388802381511588,3.4597964424014713,0.14675767918088736,29.21,689.3800000000001,74.85,0.0,0.0,0.0,1032.0,576.0,3.968381562212262,0.0,1.5388802381511588,48.63926259130228,1057.5351867246113,21.742418169672682,-inf,0.0,0.0,0.0,0.0,48.63926259130228,0.0,inf,75.24534883720929,0.006951885511195774,459.0224980605121,5.0546542049756615,86.0,21.742418169672682,77653.2,77653.2,287905.6,-210252.39999999997,0.0,0.0,0.0
2016-04-01,19104.4,638.76,636.81,29952.3,51.5,1.72,1.72,312.8,48413.1,1618.77,1613.77,64170.8,67517.5,2257.54,2250.58,94123.1,0.0,0.0,0.0,0.0,0,0.0,0.0,0,0,0,0,0,8628,4307,12935,71.7,28.3,2.7,940.06,2.53,18,52937.8,1767.05,1764.59,130591.0,2,0,2.7709742258327923,0.0,0.0,21424.600000000002,4.435662874390528,6.135581826611034,1.383238988254733,53300119.88000007,6.0,-18.972840962513043,inf,5339,4.359965678762566,0.0,0.0,0.0,1.2920452572244558,5.731077179502878,0.4991886879925823,-0.9100000000000001,137.16999999999985,561.9599999999999,0.0,0.0,0.0,3275.0,4871.0,-2.79839676926885,-6.766778331481111,1.2920452572244558,492.86973226308004,1365.7338937110103,2.7709834958621884,-18.971434673810492,0.0,0.0,0.0,0.0,492.86973226308004,0.0,inf,27.03703455044824,0.0014245604426772775,1203.653242185046,17.799644656053065,239.27777777777777,2.7709834958621884,65295.5,130591.0,406923.1,-276332.1,0.0,0.0,0.0
2016-05-01,27168.3,936.8,876.4,57120.6,233.6,8.04,7.54,546.4,70184.4,2500.51,2264.01,134355.2,97352.7,3437.31,3140.41,191475.8,0.0,0.0,0.0,0.0,0,0.0,0.0,0,0,0,0,0,26762,5577,32339,72.09,27.91,8.6,300.45,2.58,44,131499.0,4380.74,4241.9,262090.0,3,0,4.840162984065989,0.0,0.0,48592.9,4.871490048413126,4.913646214782154,1.0086536492839107,3817516535.48,26.0,2.0691887582331967,21.04202972074624,10916,4.588362167064072,0.0,0.0,0.0,1.0261441714786883,4.998851119595562,0.20839249682385472,-0.39000000000000057,2477.3099999999995,239.59000000000003,0.0,0.0,0.0,1270.0,19404.0,0.22839648830150594,3.0267932575703558,1.0261441714786883,854.0710207778067,4133.824581284091,4.840141487905066,2.0691579920428773,0.0,0.0,0.0,0.0,854.0710207778067,0.0,inf,26.274802014051353,0.0008810554446444601,2240.7928357681562,21.685583434731967,126.75,4.840141487905066,87363.33333333333,262090.0,737875.8,-475785.80000000005,0.0,0.0,0.0
2016-06-01,40098.3,1610.33,1336.61,97218.9,647.4,38.23,21.58,1193.8,93960.9,3831.25,3132.03,228316.1,134059.2,5441.58,4468.64,325535.0,0.0,0.0,0.0,0.0,0,0.0,0.0,0,0,0,0,0,19344,9494,28838,70.09,29.91,16.15,145.14,2.34,44,149925.9,6472.2,4997.53,412015.9,4,0,3.7389590082372566,0.0,0.0,88691.20000000001,4.223541183905625,7.750511786600496,1.8350742775126403,1634303873.2799997,0.0,-1.1012039758287324,-3.170392734061929,20410,4.238022647859625,0.0,0.0,0.0,1.685031599669994,7.116800357388596,0.49079818031430933,2.0,755.6300000000001,460.2099999999999,0.0,0.0,0.0,3917.0,-3501.0,-0.3503395192044474,-0.5787360075059533,1.685031599669994,793.2254803184516,2965.8375551999998,3.7389590082372575,-1.1011824796678082,0.0,0.0,0.0,0.0,793.2254803184516,0.0,inf,19.620504876176458,0.0008163589410786282,4832.4377841454625,18.353304059285183,215.77272727272728,3.7389590082372575,103003.975,412015.9,1519335.0,-1107319.1,0.0,0.0,0.0
2016-07-01,59453.8,1994.89,1917.86,156672.7,572.6,19.62,18.47,1766.4,137220.8,4650.15,4426.48,365536.9,196674.6,6645.03,6344.34,522209.6,0.0,0.0,0.0,0.0,0,0.0,0.0,0,0,0,0,0,16400,14347,30747,69.77,30.23,9.63,239.65,2.31,46,140820.2,5006.68,4542.59,552836.1,5,0,2.3685651716122433,0.0,0.0,148145.0,4.143988290234892,8.58659756097561,2.0720612510439547,-1348963926.4999974,2.0,-1.3703938366250132,-0.2691898607962808,34757,3.5286051749921965,0.0,0.0,0.0,1.8763007241098157,7.775368229670326,0.8748170731707318,0.3200000000000003,-454.9399999999996,581.25,0.0,0.0,0.0,4853.0,1909.0,-0.7094174728674281,-0.3590779536629807,1.8763007241098157,1022.1495815442386,2421.035147313695,2.3685722628346175,-1.37038674540264,0.0,0.0,0.0,0.0,1022.1495815442386,0.0,inf,15.464216307125625,0.0005984942887694716,8387.330650017324,17.662949772904685,311.89130434782606,2.3685722628346175,110567.22,552836.1,2288609.6,-1735773.5,0.0,0.0,807.0883333333333
2016-08-01,56447.1,2270.94,1820.87,213119.8,574.7,24.94,18.54,2341.1,134924.3,5586.57,4352.4,500461.2,191371.4,7857.52,6173.27,713581.0,0.0,0.0,0.0,0.0,0,0.0,0.0,0,0,0,0,0,14287,12047,26334,70.5,29.5,10.18,234.77,2.39,46,142595.3,5542.24,4599.85,695431.4,6,0,2.526175835428215,0.0,0.0,204592.1,4.685573171744003,9.980772730454259,2.1301071106183036,363171436.70999527,0.0,0.15761066381597155,1.5280045004409848,46804,3.2631008475045493,0.0,0.0,0.0,2.1516852406799702,10.081878637767606,0.8432141107300343,-0.7300000000000004,57.26000000000022,-96.99000000000001,0.0,0.0,0.0,-2300.0,-4413.0,-0.2655043274876472,0.4439131453797809,2.1516852406799702,846.2529581810828,2137.789446632244,2.5261825391159176,0.1576102762813001,0.0,0.0,0.0,0.0,846.2529581810828,0.0,inf,15.926786570099102,0.0008284861567572225,9988.959361951278,20.48182323969674,261.89130434782606,2.5261825391159176,115905.23333333334,695431.4,3054681.0,-2359249.6,0.0,6.3314420689203885,1110.5666666666666
2016-09-01,74326.3,2635.5,2477.54,287446.1,862.2,30.7,28.74,3203.3,166220.7,6047.15,5540.69,666681.9,240547.0,8682.66,8018.23,954128.0,0.0,0.0,0.0,0.0,0,0.0,0.0,0,0,0,0,0,15343,14624,29967,69.1,30.9,11.6,192.79,2.24,46,164075.4,5892.88,5469.18,859506.8,7,0,2.20750124787592,0.0,0.0,278918.4,5.082487691466083,10.69382780421039,2.1040538518501894,5991195123.840002,0.0,-0.31867458755229494,-0.4762852513682665,61428,2.990149457585266,0.0,0.0,0.0,2.364685745188822,12.01848619410749,0.9531382389363228,1.3999999999999986,869.3299999999999,656.6700000000001,0.0,0.0,0.0,2577.0,3633.0,-0.27295138991928347,-0.0074470624316362866,2.364685745188822,1047.724842525393,2312.8570090666667,2.207504217893556,-0.3186783212223614,0.0,0.0,0.0,0.0,1047.724842525393,0.0,inf,15.662045715633678,0.0007312519012725923,12086.207331725109,23.07741314910812,317.9130434782609,2.207504217893556,122786.68571428572,859506.8,4157428.0,-3297921.2,0.0,3.0753897455087356,1511.015
2016-10-01,74033.4,2582.83,2388.17,361479.5,880.4,30.83,28.4,4083.7,187036.8,6456.15,6033.45,853718.7,261070.2,9038.98,8421.62,1215198.2,0.0,0.0,0.0,0.0,0,0.0,0.0,0,0,0,0,0,16548,15542,32090,71.64,28.36,11.89,212.45,2.53,46,175795.1,5838.34,5670.81,1035301.9,8,0,2.374537708655823,0.0,0.0,352951.80000000005,4.76344099858448,10.62334421078076,2.2301828056519706,4136489210.460005,0.0,0.16703646077990308,0.485711048332198,76970,2.864068086848632,0.0,0.0,0.0,2.2370888191680396,10.656240598699982,0.9392071549431955,-2.539999999999999,201.6300000000001,-89.36999999999989,0.0,0.0,0.0,918.0,2123.0,-0.12608137073663395,0.14687001918264952,2.2370888191680396,1067.5347261751308,2534.906058003071,2.374542013340759,0.16703779544720287,0.0,0.0,0.0,0.0,1067.5347261751308,0.0,inf,13.972444725802246,0.0006835249138322455,16158.487115275,21.843121666158112,337.8695652173913,2.374542013340759,129412.7375,1035301.9,5298898.2,-4263596.3,0.0,3.0093169926459082,1802.9083333333335
2016-11-01,80434.2,2821.12,2681.14,441913.7,718.6,25.17,23.95,4802.3,196792.9,6817.26,6559.76,1050511.6,277227.1,9638.38,9240.9,1492425.3,0.0,0.0,0.0,0.0,0,0.0,0.0,0,0,0,0,0,16087,15701,31788,70.99,29.01,8.93,273.86,2.45,46,191441.7,6532.46,6381.39,1226743.6,9,0,2.3801032396667092,0.0,0.0,433386.00000000006,5.122871154703522,11.900397836762604,2.3229937816875115,6781017387.600003,0.0,0.005565531010886193,-0.1614709297690169,92671,2.7759800160076504,0.0,0.0,0.0,2.5397809964065656,13.010970805755365,0.9760054702554858,0.6500000000000021,710.5799999999999,292.9699999999998,0.0,0.0,0.0,159.0,-302.0,-0.08808807084098147,0.03799329989565248,2.5397809964065656,1055.6579499545187,2512.5749066666667,2.3801032396667092,0.0055612263259501304,0.0,0.0,0.0,0.0,1055.6579499545187,0.0,inf,14.500813138073577,0.0007579388470009939,18089.660505108524,23.957663543636528,341.32608695652175,2.3801032396667092,136304.84444444446,1226743.6,6294725.3,-5067981.699999999,0.0,2.5993070352460275,2103.6983333333333
2016-12-01,84477.5,2873.29,2725.08,526391.2,745.5,25.32,24.05,5547.8,200698.4,6685.48,6474.14,1251210.0,285175.9,9558.78,9199.22,1777601.2,0.0,0.0,0.0,0.0,0,0.0,0.0,0,0,0,0,0,18034,16503,34537,70.38,29.62,8.82,269.21,2.38,49,205990.5,6765.8,6644.85,1432734.1,10,0,2.438406676333935,0.0,0.0,517863.50000000006,5.118917772526207,11.422341133414662,2.231397658841019,7534292488.799994,3.0,0.05830343666722593,0.052737905656339734,109174,2.7218048098068515,0.0,0.0,0.0,2.466614911499641,12.62639890845367,0.91510480204059,0.6099999999999994,263.46000000000004,43.940000000000055,0.0,0.0,0.0,802.0,2749.0,-0.054175206200798964,0.033912864640182505,2.466614911499641,1104.785342574297,2693.91463135204,2.4384054780043156,0.058302238337606394,0.0,0.0,0.0,0.0,1104.785342574297,0.0,inf,14.162125826196169,0.0006921372558573994,21327.55493474594,24.281428489316376,336.7959183673469,2.4384054780043156,143273.41,1432734.1,7325401.2,-5892667.1,0.0,2.382548313262141,2335.11
2017-01-01,77321.9,2595.49,2494.25,603713.1,732.3,24.61,23.62,6280.1,183935.1,6383.03,5933.39,1435145.1,261257.0,8978.52,8427.65,2038858.2,0.0,0.0,0.0,0.0,0,0.0,0.0,0,0,0,0,0,19944,16007,35951,70.4,29.6,9.47,251.17,2.38,50,211695.9,6852.34,6828.9,1644430.0,11,0,2.737851759980032,0.0,0.0,595185.4,4.8305054038858,10.614515643802648,2.197392354693159,3395770781.1599965,1.0,0.2994450836460967,0.24114164697887075,125181,2.7238600586934423,0.0,0.0,0.0,2.292167801639001,11.07232895243023,0.8025972723626154,-0.019999999999999574,184.04999999999927,-230.82999999999993,0.0,0.0,0.0,-496.0,1414.0,0.0020552488865908103,0.056230455087389775,2.292167801639001,1088.1620439029382,2979.2321465806453,2.737857071263907,0.2994515932595916,0.0,0.0,0.0,0.0,1088.1620439029382,0.0,inf,13.346140549334587,0.0006631171140002904,25914.679631514486,22.96711394711603,320.14,2.737857071263907,149493.63636363635,1644430.0,8318958.2,-6674528.2,0.0,2.4440960779901055,2431.1749999999997
2017-02-01,72868.9,2693.67,2602.46,676582.0,727.1,26.84,25.97,7007.2,177983.0,6576.03,6356.54,1613128.1,250851.9,9269.7,8959.0,2289710.1,0.0,0.0,0.0,0.0,0,0.0,0.0,0,0,0,0,0,18102,14918,33020,70.95,29.05,9.98,244.78,2.44,51,193676.8,6969.62,6917.03,1838106.8,12,0,2.657880110719388,0.0,0.0,668054.3,4.884629306877597,10.699193459286265,2.1903798194515427,-12037737237.130005,1.0,-0.07997164926064393,-0.3794167329067406,140099,2.7167539189632595,0.0,0.0,0.0,2.2872550227815514,11.172392916581753,0.8241078333885759,-0.5500000000000007,88.13000000000011,108.21000000000004,0.0,0.0,0.0,-1089.0,-2931.0,-0.007106139730182814,-0.009161388616773625,2.2872550227815514,1137.8092840889797,3024.162120578989,2.6578813891471915,-0.07997568211671569,0.0,0.0,0.0,0.0,1137.8092840889797,0.0,inf,13.439731387779403,0.0007172002586999775,28681.603290292565,23.292083543534208,292.5098039215686,2.6578813891471915,153175.56666666668,1838106.8,9296910.1,-7458803.3,0.0,2.4660467905386345,2561.44
2017-03-01,85337.3,2814.83,2752.82,761919.3,759.1,25.03,24.49,7766.3,213635.1,7034.41,6891.45,1826763.2,298972.4,9849.24,9644.27,2588682.5,0.0,0.0,0.0,0.0,0,0.0,0.0,0,0,0,0,0,19922,17390,37312,71.46,28.54,8.9,281.43,2.5,53,231101.4,7710.09,7454.88,2069208.2,13,0,2.7080936472093677,0.0,0.0,753391.6000000001,4.907262794709603,11.60031121373356,2.3639066622312472,28195379273.36001,2.0,0.05021353648997984,0.13018518575062377,157489,2.7157839419476573,0.0,0.0,0.0,2.4550923203668913,12.047783201313715,0.8729043268748118,-0.5100000000000016,537.8500000000004,150.36000000000013,0.0,0.0,0.0,2472.0,4292.0,-0.000969977015602197,0.0061361627145806175,2.4550923203668913,1121.2694435819083,3036.496810387129,2.7080884329523904,0.050207043805198914,0.0,0.0,0.0,0.0,1121.2694435819083,0.0,inf,13.477915620997138,0.000667067924884046,32093.043838977796,23.475230451185418,328.1132075471698,2.7080884329523904,159169.86153846153,2069208.2,10354982.5,-8285774.3,0.0,2.549478857094209,2607.3199999999997
2017-04-01,89420.3,3028.13,2980.68,851339.6,824.1,27.9,27.47,8590.4,214603.6,7266.38,7153.45,2041366.8,304023.9,10294.51,10134.13,2892706.4,0.0,0.0,0.0,0.0,0,0.0,0.0,0,0,0,0,0,19996,17724,37720,70.59,29.41,9.22,260.41,2.4,53,226609.7,7586.31,7553.66,2295817.9,14,0,2.5342086752113335,0.0,0.0,842811.9000000001,5.045153464229294,11.332751550310062,2.246264980968477,-3785658211.2299857,0.0,-0.1738849719980342,-0.22409850848801405,175213,2.696712216840377,0.0,0.0,0.0,2.4390391594159055,12.305326864518062,0.886377275455091,0.870000000000001,98.77999999999975,227.85999999999967,0.0,0.0,0.0,334.0,408.0,-0.01907172510728028,-0.018101748091678083,2.4390391594159055,1222.0713999170907,3096.9818466583906,2.534206959485755,-0.1738814734666354,0.0,0.0,0.0,0.0,1222.0713999170907,0.0,inf,13.742987766813236,0.0006394014641339462,34728.973309192654,24.26826420972573,334.41509433962267,2.534206959485755,163986.99285714285,2295817.9,11483106.4,-9187288.5,0.0,2.576090684853461,2706.0716666666667
2017-05-01,93072.3,3058.54,3002.33,944411.9,714.5,23.43,23.05,9304.9,238896.0,7859.34,7706.32,2280262.8,331968.3,10917.88,10708.65,3224674.7,0.0,0.0,0.0,0.0,0,0.0,0.0,0,0,0,0,0,19344,18949,38293,71.96,28.04,7.68,334.35,2.57,53,235170.7,7586.15,7586.15,2530988.6,15,0,2.526752857724586,0.0,0.0,935884.2000000002,4.911726212465038,12.157294251447478,2.4751571495566163,8012104636.200002,0.0,-0.007455817486747396,0.16642915451128681,194162,2.679962630712298,0.0,0.0,0.0,2.5431031113607205,12.491026213071846,0.9795802315963607,-1.370000000000001,32.48999999999978,21.65000000000009,0.0,0.0,0.0,1225.0,573.0,-0.016749586128078864,0.0023221389792014158,2.5431031113607205,1180.5773767441005,2983.0288697735623,2.5267542208884435,-0.007452738597311548,0.0,0.0,0.0,0.0,1180.5773767441005,0.0,inf,13.283185088572056,0.0006415797272387714,39530.29782223067,23.675111283216456,357.52830188679246,2.5267542208884435,168732.57333333333,2530988.6,12529574.7,-9998586.1,0.0,2.600532287863107,2759.603333333333
2017-06-01,73855.6,2605.58,2461.85,1018267.5,498.5,17.33,16.62,9803.4,199072.2,7078.7,6635.74,2479335.0,272927.8,9684.28,9097.59,3497602.5,0.0,0.0,0.0,0.0,0,0.0,0.0,0,0,0,0,0,18648,17492,36140,72.94,27.06,6.75,399.34,2.7,53,203365.4,6800.41,6778.85,2734354.0,16,0,2.7535542328543805,0.0,0.0,1009739.8000000002,4.222250171506975,10.905480480480481,2.5828598584882467,-32115077260.94002,0.0,0.22680137512979437,0.23425719261654177,211654,2.6853002771864958,0.0,0.0,0.0,2.2326250830120133,9.426701639658248,0.938009438009438,-0.9800000000000004,-807.2999999999993,-540.48,0.0,0.0,0.0,-1457.0,-2153.0,0.005337646474197655,0.02208723260227652,2.2326250830120133,1102.670582146619,3036.2688530107876,2.753559315149176,0.2268050942607327,0.0,0.0,0.0,0.0,1102.670582146619,0.0,inf,11.433764070170138,0.0006234553213172011,50128.247120055894,20.14313003169049,330.0377358490566,2.753559315149176,170897.125,2734354.0,13301002.5,-10566648.5,0.0,2.6530568806165147,2715.7316666666666
2017-07-01,82225.1,2678.85,2652.42,1100492.6,539.9,17.55,17.42,10343.3,245739.8,8024.94,7927.09,2725074.8,327964.9,10703.79,10579.51,3825567.4,0.0,0.0,0.0,0.0,0,0.0,0.0,0,0,0,0,0,19171,19076,38247,74.93,25.07,6.57,455.16,2.99,53,234862.0,7653.75,7576.19,2969216.0,17,0,2.856329758188193,0.0,0.0,1091964.9000000001,4.31039526106102,12.250899796567733,2.842175497741274,34393181669.34001,0.0,0.10277552533381229,-0.12402584979598208,230730,2.698079023884395,0.0,0.0,0.0,2.391957793064131,10.310283535881606,0.9950445986124876,-1.9899999999999984,797.3399999999992,190.57000000000016,0.0,0.0,0.0,1584.0,2107.0,0.012778746697899024,0.007441100223701369,2.391957793064131,1108.8908038808718,3167.359399889241,2.85633119943297,0.10277188428379391,0.0,0.0,0.0,0.0,1108.8908038808718,0.0,inf,11.720609861605034,0.0006422153384654924,53528.73368351026,20.399602696679974,359.92452830188677,2.85633119943297,174659.76470588235,2969216.0,14168867.4,-11199651.4,0.0,2.6728032136512083,2742.093333333333
2017-08-01,81325.5,2702.1,2623.4,1181818.1,652.0,21.68,21.03,10995.3,245202.6,8162.75,7909.76,2970277.4,326528.1,10864.85,10533.16,4152095.5,0.0,0.0,0.0,0.0,0,0.0,0.0,0,0,0,0,0,19324,18850,38174,75.09,24.91,8.02,376.08,3.02,53,240416.9,7764.23,7755.38,3209632.9,18,0,2.956230210696522,0.0,0.0,1173290.4000000001,4.314350132625995,12.441363071827778,2.883716594474717,6517510842.959994,0.0,0.09990045250832935,-0.0028750728254829383,249580,2.7158434110968512,0.0,0.0,0.0,2.417387089269489,10.429454309198187,0.9754709169944111,-0.16000000000000014,179.1900000000005,-29.019999999999982,0.0,0.0,0.0,-226.0,-73.0,0.017764387212456434,0.00498564051455741,2.417387089269489,1085.2213167038822,3208.1663852782476,2.9562323702066027,0.09990117077363259,0.0,0.0,0.0,0.0,1085.2213167038822,0.0,inf,11.802261509849355,0.0006600192611049219,57848.80511032825,20.282016158541577,355.66037735849056,2.9562323702066027,178312.9388888889,3209632.9,15147395.5,-11937762.6,0.0,2.722528230314064,2745.5833333333335
2017-09-01,70498.6,2645.1,2349.95,1252316.7,670.4,25.33,22.35,11665.7,227125.7,8461.97,7570.86,3197403.1,297624.3,11107.07,9920.81,4449719.8,0.0,0.0,0.0,0.0,0,0.0,0.0,0,0,0,0,0,18912,16224,35136,76.31,23.69,9.51,338.79,3.22,53,219361.4,7444.11,7312.05,3428994.3,19,0,3.111571009920764,0.0,0.0,1243789.0000000002,4.3453279092702175,11.599058798646361,2.6693172623178123,-26188599289.500004,0.0,0.1553407992242417,0.05544034671591236,265804,2.738120716588703,0.0,0.0,0.0,2.182515801689246,9.483746825503545,0.8578680203045685,-1.2199999999999989,-443.3299999999999,-273.4500000000003,0.0,0.0,0.0,-2626.0,-3038.0,0.022277305491851696,0.004512918279395262,2.182515801689246,1076.716144818361,3350.2850216894394,3.1115768420604697,0.15534447185386702,0.0,0.0,0.0,0.0,1076.716144818361,0.0,inf,11.979607982156532,0.000714932125163114,61170.06715026964,20.33329466427629,306.1132075471698,3.1115768420604697,180473.3842105263,3428994.3,16115419.8,-12686425.5,0.0,2.78977445743263,2678.4383333333335
2017-10-01,82345.2,2714.16,2656.3,1334661.9,908.7,29.96,29.31,12574.4,248558.6,8214.39,8018.02,3445961.7,330903.8,10928.55,10674.32,4780623.6,0.0,0.0,0.0,0.0,0,0.0,0.0,0,0,0,0,0,18514,18829,37343,75.12,24.88,11.04,273.53,3.02,52,232374.2,7967.09,7495.94,3661368.5,20,0,2.821951977771625,0.0,0.0,1326134.2000000002,4.37331775452759,12.55126930971157,2.869965096114396,17256719117.760025,-1.0,-0.289619032149139,-0.4449598313733807,284633,2.743292889382697,0.0,0.0,0.0,2.438742138467601,10.665394292874941,1.0170141514529545,1.1899999999999977,183.88999999999942,306.35000000000036,0.0,0.0,0.0,2605.0,2207.0,0.005172172793994179,-0.017105132697857517,2.438742138467601,1089.20904678717,3073.691097456544,2.821947822158641,-0.28962901990182877,0.0,0.0,0.0,0.0,1089.20904678717,0.0,inf,12.074440027953466,0.0006665924536465861,65083.997087869124,20.375733810718515,362.09615384615387,2.821947822158641,183068.425,3661368.5,17355023.6,-13693655.100000001,0.0,2.8377316745260117,2624.375
2017-11-01,77585.2,2608.21,2586.17,1412247.1,811.4,27.26,27.05,13385.8,242745.7,8148.39,8091.52,3688707.4,320330.9,10756.6,10677.7,5100954.5,0.0,0.0,0.0,0.0,0,0.0,0.0,0,0,0,0,0,18325,18569,36894,75.78,24.22,10.46,299.17,3.13,52,228863.5,7870.5,7628.78,3890232.0,21,0,2.949834504518903,0.0,0.0,1403719.4000000001,4.178210996822661,12.489140518417463,2.989111973501311,-4928037697.580017,0.0,0.1278825267472783,0.41750155889641727,303202,2.7546397510747234,0.0,0.0,0.0,2.3840716481764246,9.961154377623863,1.0133151432469305,-0.6600000000000001,132.84000000000015,-70.13000000000011,0.0,0.0,0.0,-260.0,-449.0,0.011346861692026255,0.006174688898032077,2.3840716481764246,1084.7702509184908,3199.8954418317294,2.9498370176747852,0.1278891955161443,0.0,0.0,0.0,0.0,1084.7702509184908,0.0,inf,11.579386964796107,0.0006725801345477658,72567.42185365251,19.343658133961213,357.09615384615387,2.9498370176747852,185249.14285714287,3890232.0,18486754.5,-14596522.5,0.0,2.908245282325065,2555.015
2017-12-01,76730.8,2493.5,2475.19,1488977.9,964.5,31.31,31.11,14350.3,258129.6,8426.64,8326.76,3946837.0,334860.4,10920.14,10801.95,5435814.9,0.0,0.0,0.0,0.0,0,0.0,0.0,0,0,0,0,0,19299,19129,38428,77.09,22.91,12.57,267.63,3.36,52,235530.1,7615.32,7597.75,4125762.1,22,0,3.0695639821297314,0.0,0.0,1480450.2000000002,4.011229023994981,12.204264469661641,3.042524970939408,9869569303.32001,0.0,0.1197294776108282,-0.008153049136450097,322331,2.770868593818619,0.0,0.0,0.0,2.2459146861053774,9.008878174322467,0.9911912534328203,-1.3099999999999987,-31.029999999999745,-110.98000000000002,0.0,0.0,0.0,560.0,1534.0,0.016228842743895466,0.004881981051869211,2.2459146861053774,1102.0854956392877,3382.9201291591344,3.069562336628703,0.1197253189539178,0.0,0.0,0.0,0.0,1102.0854956392877,0.0,inf,11.178610858790444,0.0006379980380397115,80357.16686128647,18.42337476326874,367.86538461538464,3.069562336628703,187534.6409090909,4125762.1,19786114.9,-15660352.799999999,0.0,2.960913573870956,2557.2383333333332
2018-01-01,74241.7,2479.46,2394.89,1563219.6,909.1,30.36,29.33,15259.4,254126.3,8450.97,8197.62,4200963.3,328368.0,10930.43,10592.52,5764182.9,0.0,0.0,0.0,0.0,0,0.0,0.0,0,0,0,0,0,19302,18833,38135,77.39,22.61,12.25,279.54,3.42,52,231615.1,7490.13,7471.45,4357377.2,23,0,3.1197440252580426,0.0,0.0,1554691.9000000001,3.9421069399458397,11.999538907885194,3.0439404842858107,-6086618788.500001,0.0,0.05018004312831126,-0.06954943448251694,341164,2.7874376703055668,0.0,0.0,0.0,2.1874391882912807,8.623119204872552,0.9757019997927676,-0.3000000000000007,-126.30000000000018,-80.30000000000018,0.0,0.0,0.0,-296.0,-293.0,0.016569076486947942,0.000340233743052476,2.1874391882912807,1094.837293223575,3415.614952860165,3.119746627193734,0.05018429056503093,0.0,0.0,0.0,0.0,1094.837293223575,0.0,inf,11.048650153822614,0.0006371549359042741,86543.56799480616,17.96426858773957,362.1730769230769,3.119746627193734,189451.18260869567,4357377.2,21023582.9,-16666205.7,0.0,3.004815951715931,2514.3166666666666
2018-02-01,69949.0,2524.37,2498.18,1633168.6,886.1,31.98,31.65,16145.5,237780.0,8601.56,8492.14,4438743.3,307729.0,11125.93,10990.32,6071911.9,0.0,0.0,0.0,0.0,0,0.0,0.0,0,0,0,0,0,17067,17185,34252,77.27,22.73,12.67,268.34,3.4,52,212652.0,7804.18,7594.71,4570029.2,24,0,3.040100644755465,0.0,0.0,1624640.9000000001,4.070352051207449,12.45983476885217,3.06111968009156,-30808227850.790012,0.0,-0.0796433805025778,-0.12982342363088906,358349,2.798259285661015,0.0,0.0,0.0,2.2785156113035203,9.274360692177478,1.0069139274623542,0.120000000000001,123.26000000000022,103.28999999999996,0.0,0.0,0.0,-1648.0,-3883.0,0.010821615355448344,-0.005747461131499598,2.2785156113035203,1096.4067955500254,3333.183219076181,3.0400971907548695,-0.07964943643886446,0.0,0.0,0.0,0.0,1096.4067955500254,0.0,inf,11.449685729503631,0.0007250413016498207,88038.82207036554,18.453687382385652,330.4807692307692,3.0400971907548695,190417.88333333333,4570029.2,22217411.9,-17647382.7,0.0,3.0187943573924216,2493.4466666666667
2018-03-01,73946.8,2418.73,2385.38,1707115.4,780.2,25.52,25.17,16925.7,263491.9,8635.71,8499.74,4702235.2,337438.7,11054.43,10885.12,6409350.6,0.0,0.0,0.0,0.0,0,0.0,0.0,0,0,0,0,0,19124,19070,38194,78.09,21.91,10.55,337.72,3.56,52,234196.2,7656.68,7554.72,4804225.4,25,0,3.1670903947162015,0.0,0.0,1698587.7000000002,3.8776507603565813,12.24619326500732,3.1581475542375004,36594713126.34003,0.0,0.12698974996073664,0.20663313046331444,377419,2.814235874153558,0.0,0.0,0.0,2.183956123435145,8.468619122623702,0.9971763229449906,-0.8200000000000003,-39.98999999999978,-112.79999999999973,0.0,0.0,0.0,1885.0,3942.0,0.01597658849254291,0.005154973137094565,2.183956123435145,1092.2289025880407,3459.190374263188,3.16709287409134,0.1269956833364705,0.0,0.0,0.0,0.0,1092.2289025880407,0.0,inf,10.967410322843147,0.0006421705959626283,97331.87007416142,17.45150585009588,366.7307692307692,3.16709287409134,192169.016,4804225.4,23335050.6,-18530825.200000003,0.0,3.0280475881916615,2499.351666666667
2018-04-01,67119.2,2311.08,2237.31,1774234.6,755.1,26.0,25.17,17680.8,242471.5,8413.49,8082.38,4944706.7,309590.7,10724.57,10319.69,6718941.3,0.0,0.0,0.0,0.0,0,0.0,0.0,0,0,0,0,0,18451,17942,36393,78.32,21.68,11.25,321.11,3.61,52,208878.0,7069.19,6962.6,5013103.4,26,0,3.1120454355832607,0.0,0.0,1765706.9000000001,3.740898450562925,11.320687225624628,3.026194743116084,-44704520435.580025,0.0,-0.05504495913294072,-0.18203470909367736,395361,2.825501993930228,0.0,0.0,0.0,2.003241661503966,7.4939236276232855,0.9724134193268658,-0.23000000000000043,-592.1199999999999,-148.07000000000016,0.0,0.0,0.0,-1128.0,-1801.0,0.011266119776669914,-0.004710468715872995,2.003241661503966,1116.8447836295015,3475.6665328,3.112040798995222,-0.05505207509611809,0.0,0.0,0.0,0.0,1116.8447836295015,0.0,inf,10.620964748776668,0.0006309601619454145,105686.10862465584,16.707085945144478,345.03846153846155,3.112040798995222,192811.66923076924,5013103.4,24399741.3,-19386637.9,0.0,3.0763964978269343,2429.52
2018-05-01,62857.9,2080.67,2027.67,1837092.5,608.2,20.1,19.62,18289.0,235013.2,7758.5,7581.07,5179719.9,297871.1,9839.17,9608.75,7016812.4,0.0,0.0,0.0,0.0,0,0.0,0.0,0,0,0,0,0,18646,18876,37522,78.9,21.1,9.68,386.41,3.74,52,210513.0,7069.63,6790.74,5223616.4,27,0,3.3490301139554455,0.0,0.0,1828564.8,3.330043441407078,11.289981765526118,3.3903406859928666,2989703448.0,0.0,0.23698467837218473,0.29202963750512545,414237,2.843415015847052,0.0,0.0,0.0,1.9579913517907617,6.520196259362605,1.0123350852729809,-0.5799999999999983,-171.86000000000058,-209.63999999999987,0.0,0.0,0.0,934.0,1129.0,0.01791302191682398,0.006646902140154065,1.9579913517907617,1035.5868008025218,3468.21756581777,3.3490360857535992,0.23699528675837733,0.0,0.0,0.0,0.0,1035.5868008025218,0.0,inf,9.512853760089035,0.0005981130411912545,124393.87271926043,14.699797988658291,363.0,3.3490360857535992,193467.27407407408,5223616.4,25305812.4,-20082196.0,0.0,3.1429290993996912,2336.436666666667
2018-06-01,65197.5,2201.15,2173.25,1902290.0,888.9,29.97,29.63,19177.9,259316.4,8757.26,8643.88,5439036.3,324513.9,10958.4,10817.13,7341326.3,0.0,0.0,0.0,0.0,0,0.0,0.0,0,0,0,0,0,19728,18451,38179,79.91,20.09,13.63,291.73,3.98,54,221942.7,7437.73,7398.09,5445559.1,28,0,3.4041596686989535,0.0,0.0,1893762.3,3.533548317164381,11.25013686131387,3.1838072813850564,21645134960.310024,2.0,0.055129554743508,-0.18185512362867673,432688,2.862633510137781,0.0,0.0,0.0,1.880722653674715,6.645624367945218,0.9352696674776967,-1.0100000000000016,607.3500000000004,145.57999999999993,0.0,0.0,0.0,-425.0,657.0,0.019218494290729193,0.0013054723739052143,1.880722653674715,1155.5398642929729,3933.6422015999997,3.404159668698953,0.0551235829453538,0.0,0.0,0.0,0.0,1155.5398642929729,0.0,inf,10.160803282346563,0.0006097304677965351,122451.41743165,15.465417548613198,341.68518518518516,3.404159668698953,194484.25357142856,5445559.1,26519226.3,-21073667.200000003,0.0,3.198695047161228,2286.1133333333332
2018-07-01,67307.5,2270.16,2171.21,1969597.5,978.5,32.93,31.56,20156.4,260506.6,8675.64,8403.44,5699542.9,327814.1,10945.8,10574.65,7669140.4,0.0,0.0,0.0,0.0,0,0.0,0.0,0,0,0,0,0,20592,19399,39991,79.47,20.53,14.54,266.23,3.87,57,227443.8,8962.55,7336.9,5673002.9,29,0,3.379174683356238,0.0,0.0,1961069.8,3.469637610186092,11.045250582750581,3.1834017911046844,10788041076.779955,3.0,-0.024984985342715316,-0.08011454008622332,452087,2.880285388258261,0.0,0.0,0.0,1.8776852385414635,6.514887323734706,0.9420648795648796,0.4400000000000013,-61.19000000000051,-2.0399999999999636,0.0,0.0,0.0,948.0,1812.0,0.017651878120479747,-0.0015666161702494463,1.8776852385414635,1156.322665499857,3907.417414485886,3.379175667024378,-0.02498400167457504,0.0,0.0,0.0,0.0,1156.322665499857,0.0,inf,10.037003386893609,0.0005693721626243921,130298.04573041637,15.050646300999846,340.3333333333333,3.379175667024378,195620.78965517244,5673002.9,27825540.4,-22152537.5,0.0,3.241933490177594,2248.8333333333335
2018-08-01,72431.6,2384.66,2336.5,2042029.1,899.0,29.59,29.0,21055.4,259046.7,8531.17,8356.35,5958589.6,331478.3,10915.83,10692.85,8000618.7,0.0,0.0,0.0,0.0,0,0.0,0.0,0,0,0,0,0,20044,21698,41742,78.15,21.85,12.41,288.15,3.58,57,226196.8,7436.44,7296.67,5899199.7,30,0,3.1229021587263013,0.0,0.0,2033501.4000000001,3.3381694165360867,11.28501297146278,3.3805992336880504,-2535776245.8,0.0,-0.2562725246299369,-0.23128753928722157,473785,2.8888911034617477,0.0,0.0,0.0,2.006275888922806,6.697288813535862,1.0825184593893435,1.3200000000000003,-40.22999999999956,165.28999999999996,0.0,0.0,0.0,2299.0,1751.0,0.008605715203486852,-0.009046162916992895,2.006275888922806,1164.5955638007968,3636.9225390619986,3.1229060560667667,-0.25626961095761125,0.0,0.0,0.0,0.0,1164.5955638007968,0.0,inf,9.68404940393887,0.0005200946157001927,141929.58501538,14.327537135965294,380.6666666666667,3.1229060560667667,196639.99000000002,5899199.7,29056018.7,-23156819.0,0.0,3.2557337425060666,2221.8866666666668
2018-09-01,67007.9,2346.53,2233.6,2109037.0,865.6,30.38,28.85,21921.0,225886.5,7892.95,7529.55,6184476.1,292894.4,10239.47,9763.15,8293513.1,0.0,0.0,0.0,0.0,0,0.0,0.0,0,0,0,0,0,18580,20717,39297,77.12,22.88,12.92,260.96,3.37,57,205715.5,7232.33,6857.18,6104915.2,31,0,3.070018609746015,0.0,0.0,2100509.3000000003,3.2344403147173817,11.071878363832077,3.4231203195967814,-43021161126.08998,0.0,-0.05288354898028613,0.20338897564965075,494502,2.894645850215051,0.0,0.0,0.0,2.0343084531721884,6.579849273510483,1.115016146393972,1.0299999999999976,-439.4899999999998,-102.90000000000009,0.0,0.0,0.0,-981.0,-2445.0,0.00575474675330323,-0.002850968450183622,2.0343084531721884,1097.9652552281573,3370.767097441537,3.0700125358166193,-0.052893520250147485,0.0,0.0,0.0,0.0,1097.9652552281573,0.0,inf,9.400569586057498,0.0005344344433958622,152886.41986989594,13.739018166476148,363.4561403508772,3.0700125358166193,196932.74838709677,6104915.2,30214513.1,-24109597.900000002,0.0,3.239555111677703,2196.5899999999997
2018-10-01,61449.0,2151.51,1982.23,2170486.0,1072.2,36.6,34.59,22993.2,236819.8,8300.97,7639.35,6421295.9,298268.8,10452.48,9621.57,8591781.9,0.0,0.0,0.0,0.0,0,0.0,0.0,0,0,0,0,0,19816,20147,39963,79.4,20.6,17.45,220.87,3.85,57,220350.1,7228.34,7108.07,6325265.3,32,0,3.58590213022181,0.0,0.0,2161958.3000000003,3.0500322628679206,11.11980722648365,3.6457998696799963,31639394937.180016,0.0,0.515883520475795,0.5687670694560811,514649,2.914216124867887,0.0,0.0,0.0,1.896154291399572,5.783331764144155,1.0167036737989503,-2.2799999999999976,250.88999999999942,-251.3699999999999,0.0,0.0,0.0,-570.0,666.0,0.019570274652835895,0.013815527899532665,1.896154291399572,1045.3948863712428,3748.6770102202267,3.585895683144741,0.5158831473281218,0.0,0.0,0.0,0.0,1045.3948863712428,0.0,inf,8.9235131113301,0.000551933649004003,168735.59216586113,12.812698685852073,353.4561403508772,3.585895683144741,197664.540625,6325265.3,31584981.9,-25259716.599999998,0.0,3.318531227450794,2154.0766666666664
2018-11-01,72906.1,2446.5,2430.2,2243392.1,1211.6,40.65,40.39,24204.8,293876.9,9864.71,9795.9,6715172.8,366783.0,12311.21,12226.1,8958564.9,0.0,0.0,0.0,0.0,0,0.0,0.0,0,0,0,0,0,19056,21452,40508,80.12,19.88,16.62,242.55,4.03,57,246343.6,8375.68,8211.45,6571608.9,33,0,3.378916167508617,0.0,0.0,2234864.4000000004,3.3985688980048483,12.927350965575148,3.8037630995694194,58091947781.40001,0.0,-0.20698596271319314,-0.7228694831889881,536101,2.929318018013882,0.0,0.0,0.0,2.1447868453949055,7.289205865609059,1.1257346767422334,-0.7200000000000024,1103.380000000001,447.9699999999998,0.0,0.0,0.0,1305.0,545.0,0.015101893145994971,-0.004468381506840924,2.1447868453949055,1133.0729695670727,3828.562273044005,3.378919430499548,-0.20697625264519326,0.0,0.0,0.0,0.0,1133.0729695670727,0.0,inf,9.993476837964689,0.0006026175165753844,157743.16075060933,14.167741976042327,376.35087719298247,3.378919430499548,199139.66363636364,6571608.9,33163364.9,-26591756.0,0.0,3.323512236376322,2221.165
2018-12-01,75987.9,2529.79,2451.22,2319380.0,1339.4,44.67,43.21,25544.2,291840.6,9610.99,9414.21,7007013.4,367828.5,12140.78,11865.44,9326393.4,0.0,0.0,0.0,0.0,0,0.0,0.0,0,0,0,0,0,20088,21772,41860,79.34,20.66,17.63,217.89,3.84,57,252378.7,8141.25,8141.25,6823987.6,34,0,3.3213011545259183,0.0,0.0,2310852.3000000003,3.4901662686018735,12.56365491835922,3.5997296264604888,13946224715.730015,0.0,-0.057615012982698666,0.14937094973049447,557873,2.94216023247592,0.0,0.0,0.0,2.145643922346054,7.488654042202815,1.083831142970928,0.7800000000000011,-70.20000000000073,21.019999999999982,0.0,0.0,0.0,320.0,1352.0,0.01284221446203837,-0.0022596786839566008,2.145643922346054,1142.4169567333558,3794.3155037105744,3.3213053091929736,-0.05761412130657417,0.0,0.0,0.0,0.0,1142.4169567333558,0.0,inf,10.306522549657307,0.0005770556181498815,159841.3820621441,14.457159154827458,381.96491228070175,3.3213053091929736,200705.51764705882,6823987.6,34870593.4,-28046605.799999997,0.0,3.30970248401415,2267.4933333333333
2019-01-01,79844.6,2655.99,2575.63,2399224.6,1416.1,47.32,45.68,26960.3,286767.7,9570.58,9250.57,7293781.1,366612.3,12226.57,11826.2,9693005.7,0.0,0.0,0.0,0.0,0,0.0,0.0,0,0,0,0,0,19433,21646,41079,78.22,21.78,17.74,202.51,3.59,57,246553.6,8265.48,7953.34,7070541.2,35,0,3.08791828126135,0.0,0.0,2390696.9000000004,3.6886537928485637,12.687366850203263,3.4395656417528526,-13926048512.190016,0.0,-0.2333828732645684,-0.17576786028186975,579519,2.9470109634587773,0.0,0.0,0.0,2.2520790969016153,8.307140102581112,1.1138784541758864,1.120000000000001,-187.90999999999985,124.41000000000031,0.0,0.0,0.0,-126.0,-781.0,0.004850730982857154,-0.007991483479181216,2.2520790969016153,1143.6676462845032,3531.5544693532806,3.0879202369905614,-0.23338507220241222,0.0,0.0,0.0,0.0,1143.6676462845032,0.0,inf,10.909278635393735,0.0005861298554099263,157108.53675765172,15.216849124422676,379.7543859649123,3.0879202369905614,202015.46285714288,7070541.2,36653305.7,-29582764.500000004,0.0,3.2611597503316694,2334.896666666667
2019-02-01,72274.3,2666.2,2581.23,2471498.9,1324.8,49.31,47.31,28285.1,257479.1,9516.13,9195.68,7551260.2,329753.4,12182.33,11776.91,10022759.1,0.0,0.0,0.0,0.0,0,0.0,0.0,0,0,0,0,0,17444,19585,37029,78.08,21.92,18.33,194.35,3.56,57,222747.0,10499.07,7955.25,7293288.2,36,0,3.081966895563153,0.0,0.0,2462971.2,3.6902884860862906,12.769261637239165,3.460233985875049,-58634970169.92002,0.0,-0.005951385698196976,0.22743148756637144,599104,2.950957493851201,0.0,0.0,0.0,2.277238856264064,8.40366833133959,1.122735611098372,0.14000000000000057,1.9099999999998545,5.599999999999909,0.0,0.0,0.0,-2061.0,-4050.0,0.003946530392423764,-0.0009042005904333905,2.277238856264064,1133.491110473431,3493.3753120000006,3.0819609256052343,-0.005959311385327126,0.0,0.0,0.0,0.0,1133.491110473431,0.0,inf,10.927589193965812,0.0006519919140790995,162346.11528579314,15.171112629730624,343.5964912280702,3.0819609256052343,202591.3388888889,7293288.2,38307859.1,-31014570.900000002,0.0,3.2543372064711438,2375.685
2019-03-01,73442.8,2481.49,2369.12,2544941.7,1299.5,43.86,41.92,29584.6,276777.5,9323.73,8928.31,7828037.7,350220.3,11805.22,11297.43,10372979.4,0.0,0.0,0.0,0.0,0,0.0,0.0,0,0,0,0,0,19056,21212,40268,79.03,20.97,17.69,212.99,3.77,57,241739.4,8311.55,7798.05,7535027.6,37,0,3.2915330025543685,0.0,0.0,2536414.0,3.4623232132755044,12.68573677581864,3.663937765018014,48172589253.59998,0.0,0.20956610699121558,0.21551749268941256,620316,2.9607859386327,0.0,0.0,0.0,2.1899084617599867,7.582170902100054,1.1131402183039463,-0.9500000000000028,-157.19999999999982,-212.11000000000013,0.0,0.0,0.0,1627.0,3239.0,0.009828444781498913,0.005881914389075149,2.1899084617599867,1081.835173190748,3560.902264258507,3.2915386303775245,0.2095777047722902,0.0,0.0,0.0,0.0,1081.835173190748,0.0,inf,10.285663528174663,0.0005980452939759872,179161.782938559,14.157115197217186,372.140350877193,3.2915386303775245,203649.39459459457,7535027.6,39957579.4,-32422551.799999997,0.0,3.2912562719392024,2398.2716666666665
2019-04-01,69935.5,2375.05,2331.18,2614877.2,1220.3,41.45,40.68,30804.9,273428.4,9241.31,9114.28,8101466.1,343363.9,11616.36,11445.46,10716343.3,0.0,0.0,0.0,0.0,0,0.0,0.0,0,0,0,0,0,19440,21322,40762,79.63,20.37,17.45,224.07,3.91,57,235909.4,7863.65,7863.65,7770937.0,38,0,3.3732424877208285,0.0,0.0,2606349.5,3.279969046055717,12.135257201646091,3.699808452838658,-15195017585.0,0.0,0.08170948516645993,-0.12785662182475566,641638,2.9718171851435318,0.0,0.0,0.0,2.0504203824609544,6.725315385873655,1.0968106995884774,-0.5999999999999979,65.59999999999945,-37.940000000000055,0.0,0.0,0.0,110.0,494.0,0.01103124651083176,0.0012028017293328475,2.0504203824609544,1136.9278319415027,3835.1403776828897,3.3732487409809626,0.08171011060343814,0.0,0.0,0.0,0.0,1136.9278319415027,0.0,inf,9.779361063759513,0.0005691425383006327,195623.1875942833,13.323315768708827,374.0701754385965,3.3732487409809626,204498.34210526315,7770937.0,41521243.3,-33750306.3,0.0,3.2558129981890396,2456.43
2019-05-01,73826.8,2385.93,2381.51,2688704.0,1135.9,36.7,36.64,31940.8,292048.5,9433.74,9420.92,8393514.6,365875.3,11819.67,11802.43,11082218.6,0.0,0.0,0.0,0.0,0,0.0,0.0,0,0,0,0,0,18936,22272,41208,79.82,20.18,15.39,257.11,3.96,57,250392.4,8571.02,8077.17,8021329.4,39,0,3.391619303559141,0.0,0.0,2680176.3,3.314780890804598,13.223088297422898,3.989128914705808,38816993352.899994,0.0,0.01837681583831241,-0.06333266932814752,663910,2.983344168789127,0.0,0.0,0.0,2.2172758722528463,7.349783690985832,1.1761723700887199,-0.19000000000000128,213.52000000000044,50.33000000000038,0.0,0.0,0.0,950.0,446.0,0.011526983645595124,0.0004957371347633632,2.2172758722528463,1074.0702272560632,3642.8349314031243,3.3916170832790957,0.01836834229813311,0.0,0.0,0.0,0.0,1074.0702272560632,0.0,inf,9.92059716891352,0.0005937090650782551,200287.74808064278,13.381628809970284,390.7368421052632,3.3916170832790957,205675.11282051282,8021329.4,43023018.6,-35001689.2,0.0,3.257930187530793,2448.315
2019-06-01,51472.2,2021.53,1715.74,2740176.2,872.9,36.09,29.1,32813.7,187384.6,7804.1,6246.15,8580899.2,238856.8,9825.63,7961.89,11321075.4,0.0,0.0,0.0,0.0,0,0.0,0.0,0,0,0,0,0,14448,17200,31648,78.45,21.55,16.96,214.67,3.64,57,179285.3,7876.35,5976.18,8200614.7,40,0,3.4831481848454118,0.0,0.0,2731648.5,2.9925697674418603,12.409004706533775,4.1466049819588235,-194239603054.35,0.0,0.0915288812862709,0.07315206544795849,681110,2.992732620624907,0.0,0.0,0.0,2.185613582561486,6.540601130483798,1.1904761904761905,1.370000000000001,-2100.99,-665.7700000000002,0.0,0.0,0.0,-5072.0,-9560.0,0.009388451835780298,-0.0021385318098148254,2.185613582561486,785.0152532403255,2734.3259795247345,3.483150127641717,0.09153304436262122,0.0,0.0,0.0,0.0,785.0152532403255,0.0,inf,8.983920012278045,0.0007214537620077776,227600.37457112773,12.001950810262523,301.7543859649123,3.483150127641717,205015.3675,8200614.7,44134775.39999999,-35934160.69999999,0.0,3.284904692584042,2325.735
2019-07-01,63814.2,2077.61,2058.52,2803990.4,987.2,32.14,31.85,33800.9,267606.4,8728.6,8632.46,8848505.6,331420.6,10806.21,10690.99,11652496.0,0.0,0.0,0.0,0.0,0,0.0,0.0,0,0,0,0,0,21912,22071,43983,80.75,19.25,15.47,271.08,4.19,62,249505.8,9480.64,8048.57,8450120.5,41,0,3.9098789924499564,0.0,0.0,2795462.7,2.891314394454261,11.38671960569551,3.9382502392462113,196298788525.35,5.0,0.4267308076045446,0.3352019263182737,703181,3.013605360417782,0.0,0.0,0.0,1.8441990931660932,5.3321593843106205,1.0072562979189486,-2.3000000000000007,2072.3899999999994,342.78,0.0,0.0,0.0,4871.0,12335.0,0.02087273979287474,0.011484287957094441,1.8441990931660932,1116.2135409501607,4364.263072151465,3.909881856868041,0.42673172922632396,0.0,0.0,0.0,0.0,1116.2135409501607,0.0,inf,8.739860859714938,0.0005159131713875904,243204.61356563272,11.494283184087703,355.98387096774195,3.909881856868041,206100.5,8450120.5,45453396.0,-37003275.5,0.0,3.4218981444488104,2239.5499999999997
2019-08-01,66545.4,2185.32,2146.63,2870535.8,1094.3,35.91,35.3,34895.2,303021.7,9999.57,9774.89,9151527.3,369567.1,12184.89,11921.52,12022063.1,0.0,0.0,0.0,0.0,0,0.0,0.0,0,0,0,0,0,21984,22342,44326,81.99,18.01,16.44,276.91,4.55,62,253324.2,8704.07,8171.75,8703444.7,42,0,3.8067875465471697,0.0,0.0,2862008.1,2.978488944588667,11.523116812227075,3.8687794470959274,10928291729.040068,0.0,-0.10309144590278674,-0.5298222535073314,725523,3.0319930864474847,0.0,0.0,0.0,1.7693573706702508,5.270011367567814,1.0162845705967978,-1.2399999999999984,123.18000000000029,88.11000000000013,0.0,0.0,0.0,271.0,343.0,0.018387726029702733,-0.002485013763172006,1.7693573706702508,1213.225793490681,4618.484730930562,3.8067808611637775,-0.10310099570426345,0.0,0.0,0.0,0.0,1213.225793490681,0.0,inf,9.057666125678967,0.0005157603084874709,243587.60885049906,11.749399378342542,360.35483870967744,3.8067808611637775,207224.8738095238,8703444.7,46917263.1,-38213818.400000006,0.0,3.5427015862794793,2167.116666666667
2019-09-01,63296.5,2179.94,2109.88,2933832.3,1066.7,36.73,35.56,35961.9,275416.6,9424.14,9180.55,9426943.9,338713.1,11604.08,11290.44,12360776.2,0.0,0.0,0.0,0.0,0,0.0,0.0,0,0,0,0,0,24520,23072,47592,81.31,18.69,16.85,258.19,4.35,68,238918.8,8262.88,7963.96,8942363.5,43,0,3.774597331606013,0.0,0.0,2925304.6,2.7434335991678225,9.743833605220228,3.551692888858643,-42140182884.84007,6.0,-0.032190214941156814,0.07090123096162992,748595,3.048014537163559,0.0,0.0,0.0,1.5409168493563952,4.227403058048156,0.9409461663947798,0.6799999999999997,-207.78999999999996,-36.75,0.0,0.0,0.0,730.0,3266.0,0.016021450716074526,-0.0023662753136282078,1.5409168493563952,1369.2367637366335,5168.325599999999,3.774603294974121,-0.03217756618965639,0.0,0.0,0.0,0.0,1369.2367637366335,0.0,inf,8.386402045746609,0.00042232288510836636,272867.91275978927,10.72058847232507,339.29411764705884,3.774603294974121,207961.94186046513,8942363.5,48322676.2,-39380312.7,0.0,3.623212307788087,2123.9100000000003
2019-10-01,68657.5,2309.98,2214.76,3002489.8,1158.7,38.97,37.38,37120.6,284857.6,9605.81,9188.95,9711801.5,353515.1,11915.78,11403.71,12714291.3,0.0,0.0,0.0,0.0,183,10.47,5.9,183,0,0,0,0,25304,24445,49749,80.58,19.42,16.88,245.84,4.15,72,240681.0,8157.23,7763.9,9183044.5,44,0,3.505531078177912,0.0,0.0,2993962.1,2.8086520760891798,9.511579196964906,3.386528106467715,5275960012.620035,4.0,-0.26906625342810075,-0.23687603848694394,773040,3.058476501735327,0.0,0.0,0.0,1.5497733888886018,4.352774246169735,0.9660527979766045,0.7300000000000004,-200.0600000000004,104.88000000000011,0.0,0.0,0.0,1373.0,2157.0,0.010461964571767624,-0.005559486144306902,1.5497733888886018,1429.0863528043183,5009.700163691526,3.5055265581823756,-0.2690767367917455,0.0,0.0,0.0,0.0,1429.0863528043183,0.0,inf,8.614663826153418,0.00038910121484822687,275235.2299457452,10.877830213051485,339.5138888888889,3.5055265581823756,208705.55681818182,9183044.5,49834891.3,-40651846.8,0.0,3.6452604061976004,2104.5066666666667
2019-11-01,79866.1,2768.0,2662.2,3082355.9,1394.7,48.41,46.49,38515.3,271432.6,9325.57,9047.75,9983234.1,351298.7,12093.57,11709.96,13065590.0,0.0,0.0,0.0,0.0,0,0.0,0.0,183,0,0,0,0,25064,25464,50528,77.27,22.73,17.46,194.62,3.4,73,248321.6,8467.69,8277.39,9431366.1,45,0,3.1092240637767463,0.0,0.0,3073828.2,3.1364318253220236,9.90750079795723,3.1588446201728,23485891744.92002,1.0,-0.3963070144011658,-0.12724076097306503,798504,3.059791408253667,0.0,0.0,0.0,1.8117732422568265,5.682503257281179,1.01595914458985,3.3099999999999987,513.4899999999998,447.4399999999996,0.0,0.0,0.0,1019.0,779.0,0.0013149065183402087,-0.009147058053427415,1.8117732422568265,1469.3891806702275,4568.66775981817,3.109229208924949,-0.39629734925742666,0.0,0.0,0.0,0.0,1469.3891806702275,0.0,inf,9.623451561900321,0.00038907873067692544,254589.94311729254,12.073643453323102,348.82191780821915,3.109229208924949,209585.91333333333,9431366.1,51580890.0,-42149523.9,0.0,3.598194532900535,2151.2883333333334
2019-12-01,85239.3,2837.63,2749.65,3167595.2,1352.0,44.99,43.61,39867.3,279971.6,9235.34,9031.34,10263205.7,365210.9,12072.97,11781.0,13430800.9,0.0,0.0,0.0,0.0,0,0.0,0.0,183,0,0,0,0,23231,28277,51508,76.66,23.34,15.86,207.08,3.28,75,248460.1,8885.73,8014.84,9679826.2,46,0,2.914853829160962,0.0,0.0,3159067.5,3.0144392969551226,10.695196074211184,3.5479885380390224,437530848.75,2.0,-0.1943702346157843,0.2019367797853815,826781,3.055891169427204,0.0,0.0,0.0,1.9933136361793462,6.008722956055528,1.2172097628169256,0.6099999999999994,-262.5499999999993,87.45000000000027,0.0,0.0,0.0,2813.0,980.0,-0.003900238826462843,-0.005215145344803052,1.9933136361793462,1379.4367078481187,4020.862474689294,2.9148582546869606,-0.19437095423798834,0.0,0.0,0.0,0.0,1379.4367078481187,0.0,inf,9.236665087078947,0.0003782295177780947,274273.56086922344,11.517943946140244,377.02666666666664,2.9148582546869606,210431.00434782606,9679826.2,53298100.9,-43618274.7,0.0,3.5034788069531264,2323.606666666667
2020-01-01,82244.3,2724.97,2653.04,3249839.5,1461.9,48.19,47.16,41329.2,266906.7,8862.4,8609.89,10530112.4,349151.0,11587.36,11262.94,13779951.9,0.0,0.0,0.0,0.0,0,0.0,0.0,183,0,0,0,0,25248,30181,55429,76.44,23.56,17.78,182.58,3.25,77,245119.0,7987.94,7907.06,9924945.2,47,0,2.980376755592789,0.0,0.0,3241311.8,2.7250356184354394,9.708452154626109,3.5626881677972895,-10829546854.980019,2.0,0.06552292643182689,0.2598931610476112,856962,3.0539801119409127,0.0,0.0,0.0,1.8180622012408443,4.95428425491244,1.1953818124207858,0.21999999999999886,-107.77999999999975,-96.61000000000013,0.0,0.0,0.0,1904.0,3921.0,-0.0019110574862915009,0.001989181340171342,1.8180622012408443,1459.2680042461009,4349.169128868835,2.980377227633206,0.06551897294624531,0.0,0.0,0.0,0.0,1459.2680042461009,0.0,inf,8.344099812001994,0.0003216743035229485,314477.35736093565,10.306979895788947,391.961038961039,2.980377227633206,211169.0468085106,9924945.2,55109151.9,-45184206.7,0.0,3.348561767476932,2422.693333333333
2020-02-01,76621.1,2689.79,2642.11,3326460.6,1861.2,65.43,64.18,43190.4,259868.9,9268.7,8961.0,10789981.3,336490.0,11958.49,11603.1,14116441.9,0.0,0.0,0.0,0.0,0,0.0,0.0,183,0,0,0,0,21105,28525,49630,77.23,22.77,24.29,139.62,3.39,77,228931.9,8565.89,7894.2,10153877.1,48,0,2.987844079502904,0.0,0.0,3317932.9,2.6861034180543384,10.847282634446813,4.038296724369597,-53707711645.59002,0.0,0.007467323910115287,-0.0580556025217116,885487,3.0524567463687977,0.0,0.0,0.0,1.986760398295393,5.336643896716254,1.351575456053068,-0.7899999999999991,-12.860000000000582,-10.929999999999836,0.0,0.0,0.0,-1656.0,-5799.0,-0.0015233655721149653,0.0003876919141765356,1.986760398295393,1329.858397754901,3973.403137476009,2.9878392648300025,0.0074620371967966115,0.0,0.0,0.0,0.0,1329.858397754901,0.0,inf,8.22028799461667,0.000380272835563429,329654.84279134596,10.0648692793513,370.45454545454544,2.9878392648300025,211539.10624999998,10153877.1,57306841.9,-47152964.8,0.0,3.212071189636221,2505.273333333333
2020-03-01,73374.4,2383.4,2366.92,3399835.0,1053.8,34.21,33.99,44244.2,260288.8,8476.94,8396.41,11050270.1,333663.2,10860.34,10763.33,14450105.1,0.0,0.0,0.0,0.0,0,0.0,0.0,183,0,0,0,0,19140,30504,49644,78.01,21.99,14.36,247.0,3.55,77,242094.2,12670.29,7809.49,10395971.3,49,0,3.299436860812491,0.0,0.0,3391307.3,2.4054025701547337,12.648599791013584,5.2584128527807845,44637404074.790054,0.0,0.3115927813095869,0.3041254573994716,915991,3.0577870102519684,0.0,0.0,0.0,2.2592433449458054,5.434389748537618,1.593730407523511,-0.7800000000000011,-84.71000000000004,-275.19000000000005,0.0,0.0,0.0,1979.0,14.0,0.005330263883170705,0.00685362945528567,2.2592433449458054,1047.6604945169277,3456.6838572173965,3.2994313284775147,0.31159206364751224,0.0,0.0,0.0,0.0,1047.6604945169277,0.0,inf,7.3737039649208,0.0004146538090418825,380805.6960465776,8.905610749018832,396.15584415584414,3.2994313284775147,212162.67959183676,10395971.3,58694305.1,-48298333.8,0.0,3.132877777837301,2548.1133333333332
2020-04-01,37045.3,1294.37,1234.84,3436880.3,421.1,15.16,14.04,44665.3,142910.0,4892.25,4763.67,11193180.1,179955.3,6186.62,5998.51,14630060.4,0.0,0.0,0.0,0.0,0,0.0,0.0,183,0,0,0,0,20457,26390,46847,79.41,20.59,11.37,339.37,3.86,77,183595.7,14731.67,6119.86,10579567.0,50,0,4.955978221258837,0.0,0.0,3428352.5999999996,1.403762788935203,8.974712812240309,6.393325769126495,-200553484571.09998,0.0,1.656541360446346,1.344948579136759,942381,3.0782471533850044,0.0,0.0,0.0,1.528030997503366,2.144993054634765,1.2900229750207752,-1.3999999999999986,-1689.63,-1132.0800000000002,0.0,0.0,0.0,-4114.0,-2797.0,0.020460143133036013,0.015129879249865308,1.528030997503366,808.1249673714684,4005.0627310566183,4.955994298856532,1.6565629703790172,0.0,0.0,0.0,0.0,808.1249673714684,0.0,inf,4.331877204709585,0.0003400800610928499,671324.961331127,5.106845115966104,342.72727272727275,4.955994298856532,211591.34,10579567.0,59295360.4,-48715793.4,0.0,3.3746189683507883,2384.7933333333335
2020-05-01,40396.1,1491.0,1303.1,3477276.4,782.6,28.48,25.25,45447.9,201311.1,7292.34,6493.91,11394491.2,241707.2,8783.34,7797.01,14871767.6,0.0,0.0,0.0,0.0,0,0.0,0.0,183,0,0,0,0,21525,25850,47375,83.29,16.71,19.37,257.23,4.98,77,224352.9,11615.59,7237.19,10803919.9,51,0,5.553825740603672,0.0,0.0,3468748.6999999997,1.5627117988394583,10.422898954703832,6.669751237844596,141376484515.63992,0.0,0.5978475193448354,-1.0586938411015105,968231,3.107006362795894,0.0,0.0,0.0,1.5039789459237394,2.350285644001159,1.2009291521486642,-3.879999999999999,1117.33,68.25999999999999,0.0,0.0,0.0,-540.0,528.0,0.028759209410889497,0.008299066277853484,1.5039789459237394,866.4350013222025,4812.028798418411,5.553825493055022,0.5978311941984904,0.0,0.0,0.0,0.0,866.4350013222025,0.0,inf,4.867292087618345,0.0004032069228125274,619583.8546295312,5.5985137025142055,335.7142857142857,5.553825493055022,211841.56666666668,10803919.9,60319667.6,-49515747.7,0.0,3.7820525811552757,2158.276666666667
2020-06-01,58918.4,2000.18,1963.95,3536194.8,866.9,29.42,28.9,46314.8,314179.3,10712.42,10472.64,11708670.5,373097.7,12712.6,12436.59,15244865.3,0.0,0.0,0.0,0.0,0,0.0,0.0,183,0,0,0,0,22340,29455,51795,84.21,15.79,14.71,362.42,5.33,77,233309.1,8321.67,7776.97,11037229.0,52,0,3.959868224527482,0.0,0.0,3527667.0999999996,2.000285180784247,10.443558639212176,5.221034850199508,31594492081.02004,0.0,-1.5939575160761903,-2.1918050354210257,997686,3.1212163424933492,0.0,0.0,0.0,1.43434669905192,2.869102446220358,1.3184870188003581,-0.9200000000000017,539.7800000000007,660.8500000000001,0.0,0.0,0.0,3605.0,4420.0,0.0142099796974553,-0.014549229713434197,1.43434669905192,1369.2296299758902,5421.959701333333,3.959861503602434,-1.5939639894525883,0.0,0.0,0.0,0.0,1369.2296299758902,0.0,inf,6.258415258520889,0.00035455979084067816,498771.87992206175,7.072706465631611,382.53246753246754,3.959861503602434,212254.40384615384,11037229.0,61559665.3,-50522436.3,0.0,3.9562216470496963,2027.3266666666666