,UWI
0,102/13-23-053-24W3/00
1,102/13-23-053-24W3/00
2,102/13-23-053-24W3/00
3,102/13-23-053-24W3/00
4,102/13-23-053-24W3/00
5,102/13-23-053-24W3/00
6,102/13-23-053-24W3/00
7,102/13-23-053-24W3/00
8,102/13-23-053-24W3/00
9,102/13-23-053-24W3/00
10,102/13-23-053-24W3/00
11,102/13-23-053-24W3/00
12,102/13-23-053-24W3/00
13,102/13-23-053-24W3/00
14,102/13-23-053-24W3/00
15,102/13-23-053-24W3/00
16,102/13-23-053-24W3/00
17,102/13-23-053-24W3/00
18,102/13-23-053-24W3/00
19,102/13-23-053-24W3/00
20,102/13-23-053-24W3/00
21,102/13-23-053-24W3/00
22,102/13-23-053-24W3/00
23,102/13-23-053-24W3/00
24,102/13-23-053-24W3/00
25,102/13-23-053-24W3/00
26,102/13-23-053-24W3/00
27,102/13-23-053-24W3/00
28,102/13-23-053-24W3/00
29,102/13-23-053-24W3/00
30,102/13-23-053-24W3/00
31,102/13-23-053-24W3/00
32,102/13-23-053-24W3/00
33,102/13-23-053-24W3/00
34,102/13-23-053-24W3/00
35,103/13-23-053-24W3/00
36,103/13-23-053-24W3/00
37,103/13-23-053-24W3/00
38,103/13-23-053-24W3/00
39,103/13-23-053-24W3/00
40,103/13-23-053-24W3/00
41,103/13-23-053-24W3/00
42,103/13-23-053-24W3/00
43,103/13-23-053-24W3/00
44,103/13-23-053-24W3/00
45,103/13-23-053-24W3/00
46,103/13-23-053-24W3/00
47,103/13-23-053-24W3/00
48,103/13-23-053-24W3/00
49,103/13-23-053-24W3/00
50,103/13-23-053-24W3/00
51,103/13-23-053-24W3/00
52,103/13-23-053-24W3/00
53,103/13-23-053-24W3/00
54,103/13-23-053-24W3/00
55,103/13-23-053-24W3/00
56,103/13-23-053-24W3/00
57,103/13-23-053-24W3/00
58,103/13-23-053-24W3/00
59,103/13-23-053-24W3/00
60,103/13-23-053-24W3/00
61,103/13-23-053-24W3/00
62,103/13-23-053-24W3/00
63,103/13-23-053-24W3/00
64,103/13-23-053-24W3/00
65,103/13-23-053-24W3/00
66,103/13-23-053-24W3/00
67,103/13-23-053-24W3/00
68,103/13-23-053-24W3/00
69,103/13-23-053-24W3/00
70,104/13-23-053-24W3/00
71,104/13-23-053-24W3/00
72,104/13-23-053-24W3/00
73,104/13-23-053-24W3/00
74,104/13-23-053-24W3/00
75,104/13-23-053-24W3/00
76,104/13-23-053-24W3/00
77,104/13-23-053-24W3/00
78,104/13-23-053-24W3/00
79,104/13-23-053-24W3/00
80,104/13-23-053-24W3/00
81,104/13-23-053-24W3/00
82,104/13-23-053-24W3/00
83,104/13-23-053-24W3/00
84,104/13-23-053-24W3/00
85,104/13-23-053-24W3/00
86,104/13-23-053-24W3/00
87,104/13-23-053-24W3/00
88,104/13-23-053-24W3/00
89,104/13-23-053-24W3/00
90,104/13-23-053-24W3/00
91,104/13-23-053-24W3/00
92,104/13-23-053-24W3/00
93,104/13-23-053-24W3/00
94,104/13-23-053-24W3/00
95,104/13-23-053-24W3/00
96,104/13-23-053-24W3/00
97,104/13-23-053-24W3/00
98,104/13-23-053-24W3/00
99,104/13-23-053-24W3/00
100,104/13-23-053-24W3/00
101,104/13-23-053-24W3/00
102,104/13-23-053-24W3/00
103,104/13-23-053-24W3/00
104,104/13-23-053-24W3/00
105,105/13-23-053-24W3/00
106,105/13-23-053-24W3/00
107,105/13-23-053-24W3/00
108,105/13-23-053-24W3/00
109,105/13-23-053-24W3/00
110,105/13-23-053-24W3/00
111,105/13-23-053-24W3/00
112,105/13-23-053-24W3/00
113,105/13-23-053-24W3/00
114,105/13-23-053-24W3/00
115,105/13-23-053-24W3/00
116,105/13-23-053-24W3/00
117,105/13-23-053-24W3/00
118,105/13-23-053-24W3/00
119,105/13-23-053-24W3/00
120,105/13-23-053-24W3/00
121,105/13-23-053-24W3/00
122,105/13-23-053-24W3/00
123,105/13-23-053-24W3/00
124,105/13-23-053-24W3/00
125,105/13-23-053-24W3/00
126,105/13-23-053-24W3/00
127,105/13-23-053-24W3/00
128,105/13-23-053-24W3/00
129,105/13-23-053-24W3/00
130,105/13-23-053-24W3/00
131,105/13-23-053-24W3/00
132,105/13-23-053-24W3/00
133,105/13-23-053-24W3/00
134,105/13-23-053-24W3/00
135,105/13-23-053-24W3/00
136,105/13-23-053-24W3/00
137,105/13-23-053-24W3/00
138,105/13-23-053-24W3/00
139,105/13-23-053-24W3/00
140,106/13-23-053-24W3/00
141,106/13-23-053-24W3/00
142,106/13-23-053-24W3/00
143,106/13-23-053-24W3/00
144,106/13-23-053-24W3/00
145,106/13-23-053-24W3/00
146,106/13-23-053-24W3/00
147,106/13-23-053-24W3/00
148,106/13-23-053-24W3/00
149,106/13-23-053-24W3/00
150,106/13-23-053-24W3/00
151,106/13-23-053-24W3/00
152,106/13-23-053-24W3/00
153,106/13-23-053-24W3/00
154,106/13-23-053-24W3/00
155,106/13-23-053-24W3/00
156,106/13-23-053-24W3/00
157,106/13-23-053-24W3/00
158,106/13-23-053-24W3/00
159,106/13-23-053-24W3/00
160,106/13-23-053-24W3/00
161,106/13-23-053-24W3/00
162,106/13-23-053-24W3/00
163,106/13-23-053-24W3/00
164,106/13-23-053-24W3/00
165,106/13-23-053-24W3/00
166,106/13-23-053-24W3/00
167,106/13-23-053-24W3/00
168,106/13-23-053-24W3/00
169,106/13-23-053-24W3/00
170,106/13-23-053-24W3/00
171,106/13-23-053-24W3/00
172,106/13-23-053-24W3/00
173,107/13-23-053-24W3/00
174,107/13-23-053-24W3/00
175,107/13-23-053-24W3/00
176,107/13-23-053-24W3/00
177,107/13-23-053-24W3/00
178,107/13-23-053-24W3/00
179,107/13-23-053-24W3/00
180,107/13-23-053-24W3/00
181,107/13-23-053-24W3/00
182,107/13-23-053-24W3/00
183,107/13-23-053-24W3/00
184,107/13-23-053-24W3/00
185,107/13-23-053-24W3/00
186,107/13-23-053-24W3/00
187,107/13-23-053-24W3/00
188,107/13-23-053-24W3/00
189,107/13-23-053-24W3/00
190,107/13-23-053-24W3/00
191,107/13-23-053-24W3/00
192,107/13-23-053-24W3/00
193,107/13-23-053-24W3/00
194,107/13-23-053-24W3/00
195,107/13-23-053-24W3/00
196,107/13-23-053-24W3/00
197,107/13-23-053-24W3/00
198,107/13-23-053-24W3/00
199,107/13-23-053-24W3/00
200,107/13-23-053-24W3/00
201,107/13-23-053-24W3/00
202,107/13-23-053-24W3/00
203,107/13-23-053-24W3/00
204,107/13-23-053-24W3/00
205,107/13-23-053-24W3/00
206,107/13-23-053-24W3/00
207,102/14-23-053-24W3/00
208,102/14-23-053-24W3/00
209,102/14-23-053-24W3/00
210,102/14-23-053-24W3/00
211,102/14-23-053-24W3/00
212,102/14-23-053-24W3/00
213,102/14-23-053-24W3/00
214,102/14-23-053-24W3/00
215,102/14-23-053-24W3/00
216,102/14-23-053-24W3/00
217,102/14-23-053-24W3/00
218,102/14-23-053-24W3/00
219,102/14-23-053-24W3/00
220,102/14-23-053-24W3/00
221,102/14-23-053-24W3/00
222,102/14-23-053-24W3/00
223,102/14-23-053-24W3/00
224,102/14-23-053-24W3/00
225,102/14-23-053-24W3/00
226,102/14-23-053-24W3/00
227,102/14-23-053-24W3/00
228,102/14-23-053-24W3/00
229,102/14-23-053-24W3/00
230,102/14-23-053-24W3/00
231,102/14-23-053-24W3/00
232,102/14-23-053-24W3/00
233,102/14-23-053-24W3/00
234,102/14-23-053-24W3/00
235,102/14-23-053-24W3/00
236,102/14-23-053-24W3/00
237,102/14-23-053-24W3/00
238,102/14-23-053-24W3/00
239,102/14-23-053-24W3/00
240,102/14-23-053-24W3/00
241,102/14-23-053-24W3/00
242,102/14-23-053-24W3/00
243,102/14-23-053-24W3/00
244,102/14-23-053-24W3/00
245,102/14-23-053-24W3/00
246,102/14-23-053-24W3/00
247,102/14-23-053-24W3/00
248,102/14-23-053-24W3/00
249,102/14-23-053-24W3/00
250,102/14-23-053-24W3/00
251,102/14-23-053-24W3/00
252,102/14-23-053-24W3/00
253,102/14-23-053-24W3/00
254,102/14-23-053-24W3/00
255,102/14-23-053-24W3/00
256,102/14-23-053-24W3/00
257,102/14-23-053-24W3/00
258,102/14-23-053-24W3/00
259,102/14-23-053-24W3/00
260,102/14-23-053-24W3/00
261,102/14-23-053-24W3/00
262,191/14-23-053-24W3/00
263,191/14-23-053-24W3/00
264,191/14-23-053-24W3/00
265,191/14-23-053-24W3/00
266,191/14-23-053-24W3/00
267,191/14-23-053-24W3/00
268,191/14-23-053-24W3/00
269,191/14-23-053-24W3/00
270,191/14-23-053-24W3/00
271,191/14-23-053-24W3/00
272,191/14-23-053-24W3/00
273,191/14-23-053-24W3/00
274,191/14-23-053-24W3/00
275,191/14-23-053-24W3/00
276,191/14-23-053-24W3/00
277,191/14-23-053-24W3/00
278,191/14-23-053-24W3/00
279,191/14-23-053-24W3/00
280,191/14-23-053-24W3/00
281,191/14-23-053-24W3/00
282,191/14-23-053-24W3/00
283,191/14-23-053-24W3/00
284,191/14-23-053-24W3/00
285,191/14-23-053-24W3/00
286,191/14-23-053-24W3/00
287,191/14-23-053-24W3/00
288,191/14-23-053-24W3/00
289,191/14-23-053-24W3/00
290,191/14-23-053-24W3/00
291,191/14-23-053-24W3/00
292,191/14-23-053-24W3/00
293,191/14-23-053-24W3/00
294,191/14-23-053-24W3/00
295,191/14-23-053-24W3/00
296,191/14-23-053-24W3/00
297,191/14-23-053-24W3/00
298,191/14-23-053-24W3/00
299,191/14-23-053-24W3/00
300,191/14-23-053-24W3/00
301,191/14-23-053-24W3/00
302,191/14-23-053-24W3/00
303,191/14-23-053-24W3/00
304,191/14-23-053-24W3/00
305,191/14-23-053-24W3/00
306,191/14-23-053-24W3/00
307,191/14-23-053-24W3/00
308,191/14-23-053-24W3/00
309,191/14-23-053-24W3/00
310,191/14-23-053-24W3/00
311,191/14-23-053-24W3/00
312,191/14-23-053-24W3/00
313,191/14-23-053-24W3/00
314,191/14-23-053-24W3/00
315,191/14-23-053-24W3/00
316,191/14-23-053-24W3/00
317,191/14-23-053-24W3/00
318,191/14-23-053-24W3/00
319,191/14-23-053-24W3/00
320,191/14-23-053-24W3/00
321,191/14-23-053-24W3/00
322,191/14-23-053-24W3/00
323,191/14-23-053-24W3/00
324,191/14-23-053-24W3/00
325,191/14-23-053-24W3/00
326,191/14-23-053-24W3/00
327,191/14-23-053-24W3/00
328,191/14-23-053-24W3/00
329,191/14-23-053-24W3/00
330,191/14-23-053-24W3/00
331,191/14-23-053-24W3/00
332,191/14-23-053-24W3/00
333,191/14-23-053-24W3/00
334,191/14-23-053-24W3/00
335,191/14-23-053-24W3/00
336,191/14-23-053-24W3/00
337,191/14-23-053-24W3/00
338,191/14-23-053-24W3/00
339,191/14-23-053-24W3/00
340,191/14-23-053-24W3/00
341,191/14-23-053-24W3/00
342,191/14-23-053-24W3/00
343,191/14-23-053-24W3/00
344,191/14-23-053-24W3/00
345,191/14-23-053-24W3/00
346,191/14-23-053-24W3/00
347,192/14-23-053-24W3/00
348,192/14-23-053-24W3/00
349,192/14-23-053-24W3/00
350,192/14-23-053-24W3/00
351,192/14-23-053-24W3/00
352,192/14-23-053-24W3/00
353,192/14-23-053-24W3/00
354,192/14-23-053-24W3/00
355,192/14-23-053-24W3/00
356,192/14-23-053-24W3/00
357,192/14-23-053-24W3/00
358,192/14-23-053-24W3/00
359,192/14-23-053-24W3/00
360,192/14-23-053-24W3/00
361,192/14-23-053-24W3/00
362,192/14-23-053-24W3/00
363,192/14-23-053-24W3/00
364,192/14-23-053-24W3/00
365,192/14-23-053-24W3/00
366,192/14-23-053-24W3/00
367,192/14-23-053-24W3/00
368,192/14-23-053-24W3/00
369,192/14-23-053-24W3/00
370,192/14-23-053-24W3/00
371,192/14-23-053-24W3/00
372,192/14-23-053-24W3/00
373,192/14-23-053-24W3/00
374,192/14-23-053-24W3/00
375,192/14-23-053-24W3/00
376,192/14-23-053-24W3/00
377,192/14-23-053-24W3/00
378,192/14-23-053-24W3/00
379,192/14-23-053-24W3/00
380,192/14-23-053-24W3/00
381,192/14-23-053-24W3/00
382,192/14-23-053-24W3/00
383,192/14-23-053-24W3/00
384,192/14-23-053-24W3/00
385,192/14-23-053-24W3/00
386,192/14-23-053-24W3/00
387,192/14-23-053-24W3/00
388,192/14-23-053-24W3/00
389,192/14-23-053-24W3/00
390,192/14-23-053-24W3/00
391,192/14-23-053-24W3/00
392,192/14-23-053-24W3/00
393,192/14-23-053-24W3/00
394,192/14-23-053-24W3/00
395,192/14-23-053-24W3/00
396,192/14-23-053-24W3/00
397,192/14-23-053-24W3/00
398,192/14-23-053-24W3/00
399,192/14-23-053-24W3/00
400,192/14-23-053-24W3/00
401,192/14-23-053-24W3/00
402,192/14-23-053-24W3/00
403,192/14-23-053-24W3/00
404,192/14-23-053-24W3/00
405,192/14-23-053-24W3/00
406,192/14-23-053-24W3/00
407,192/14-23-053-24W3/00
408,192/14-23-053-24W3/00
409,192/14-23-053-24W3/00
410,192/14-23-053-24W3/00
411,192/14-23-053-24W3/00
412,192/14-23-053-24W3/00
413,192/14-23-053-24W3/00
414,192/14-23-053-24W3/00
415,192/14-23-053-24W3/00
416,192/14-23-053-24W3/00
417,192/14-23-053-24W3/00
418,192/14-23-053-24W3/00
419,192/14-23-053-24W3/00
420,192/14-23-053-24W3/00
421,192/14-23-053-24W3/00
422,192/14-23-053-24W3/00
423,192/14-23-053-24W3/00
424,192/14-23-053-24W3/00
425,192/14-23-053-24W3/00
426,192/14-23-053-24W3/00
427,192/14-23-053-24W3/00
428,192/14-23-053-24W3/00
429,192/14-23-053-24W3/00
430,192/14-23-053-24W3/00
431,192/14-23-053-24W3/00
432,192/14-23-053-24W3/00
433,192/14-23-053-24W3/00
434,192/14-23-053-24W3/00
435,192/14-23-053-24W3/00
436,192/14-23-053-24W3/00
437,192/14-23-053-24W3/00
438,193/14-23-053-24W3/00
439,193/14-23-053-24W3/00
440,193/14-23-053-24W3/00
441,193/14-23-053-24W3/00
442,193/14-23-053-24W3/00
443,193/14-23-053-24W3/00
444,193/14-23-053-24W3/00
445,193/14-23-053-24W3/00
446,193/14-23-053-24W3/00
447,193/14-23-053-24W3/00
448,193/14-23-053-24W3/00
449,193/14-23-053-24W3/00
450,193/14-23-053-24W3/00
451,193/14-23-053-24W3/00
452,193/14-23-053-24W3/00
453,193/14-23-053-24W3/00
454,193/14-23-053-24W3/00
455,193/14-23-053-24W3/00
456,193/14-23-053-24W3/00
457,193/14-23-053-24W3/00
458,193/14-23-053-24W3/00
459,193/14-23-053-24W3/00
460,193/14-23-053-24W3/00
461,193/14-23-053-24W3/00
462,193/14-23-053-24W3/00
463,193/14-23-053-24W3/00
464,193/14-23-053-24W3/00
465,193/14-23-053-24W3/00
466,193/14-23-053-24W3/00
467,193/14-23-053-24W3/00
468,193/14-23-053-24W3/00
469,193/14-23-053-24W3/00
470,193/14-23-053-24W3/00
471,193/14-23-053-24W3/00
472,193/14-23-053-24W3/00
473,193/14-23-053-24W3/00
474,193/14-23-053-24W3/00
475,193/14-23-053-24W3/00
476,193/14-23-053-24W3/00
477,193/14-23-053-24W3/00
478,193/14-23-053-24W3/00
479,193/14-23-053-24W3/00
480,193/14-23-053-24W3/00
481,193/14-23-053-24W3/00
482,193/14-23-053-24W3/00
483,193/14-23-053-24W3/00
484,193/14-23-053-24W3/00
485,193/14-23-053-24W3/00
486,193/14-23-053-24W3/00
487,193/14-23-053-24W3/00
488,193/14-23-053-24W3/00
489,193/14-23-053-24W3/00
490,193/14-23-053-24W3/00
491,193/14-23-053-24W3/00
492,193/14-23-053-24W3/00
493,193/14-23-053-24W3/00
494,193/14-23-053-24W3/00
495,193/14-23-053-24W3/00
496,193/14-23-053-24W3/00
497,193/14-23-053-24W3/00
498,193/14-23-053-24W3/00
499,193/14-23-053-24W3/00
500,193/14-23-053-24W3/00
501,193/14-23-053-24W3/00
502,193/14-23-053-24W3/00
503,193/14-23-053-24W3/00
504,193/14-23-053-24W3/00
505,193/14-23-053-24W3/00
506,193/14-23-053-24W3/00
507,193/14-23-053-24W3/00
508,193/14-23-053-24W3/00
509,194/14-23-053-24W3/00
510,194/14-23-053-24W3/00
511,194/14-23-053-24W3/00
512,194/14-23-053-24W3/00
513,194/14-23-053-24W3/00
514,194/14-23-053-24W3/00
515,194/14-23-053-24W3/00
516,194/14-23-053-24W3/00
517,194/14-23-053-24W3/00
518,194/14-23-053-24W3/00
519,194/14-23-053-24W3/00
520,194/14-23-053-24W3/00
521,194/14-23-053-24W3/00
522,194/14-23-053-24W3/00
523,194/14-23-053-24W3/00
524,194/14-23-053-24W3/00
525,194/14-23-053-24W3/00
526,194/14-23-053-24W3/00
527,194/14-23-053-24W3/00
528,194/14-23-053-24W3/00
529,194/14-23-053-24W3/00
530,194/14-23-053-24W3/00
531,194/14-23-053-24W3/00
532,194/14-23-053-24W3/00
533,194/14-23-053-24W3/00
534,194/14-23-053-24W3/00
535,194/14-23-053-24W3/00
536,194/14-23-053-24W3/00
537,194/14-23-053-24W3/00
538,194/14-23-053-24W3/00
539,194/14-23-053-24W3/00
540,194/14-23-053-24W3/00
541,194/14-23-053-24W3/00
542,194/14-23-053-24W3/00
543,194/14-23-053-24W3/00
544,194/14-23-053-24W3/00
545,194/14-23-053-24W3/00
546,194/14-23-053-24W3/00
547,194/14-23-053-24W3/00
548,194/14-23-053-24W3/00
549,194/14-23-053-24W3/00
550,194/14-23-053-24W3/00
551,194/14-23-053-24W3/00
552,194/14-23-053-24W3/00
553,194/14-23-053-24W3/00
554,194/14-23-053-24W3/00
555,194/14-23-053-24W3/00
556,194/14-23-053-24W3/00
557,195/14-23-053-24W3/00
558,195/14-23-053-24W3/00
559,195/14-23-053-24W3/00
560,195/14-23-053-24W3/00
561,195/14-23-053-24W3/00
562,195/14-23-053-24W3/00
563,195/14-23-053-24W3/00
564,195/14-23-053-24W3/00
565,195/14-23-053-24W3/00
566,195/14-23-053-24W3/00
567,195/14-23-053-24W3/00
568,195/14-23-053-24W3/00
569,195/14-23-053-24W3/00
570,195/14-23-053-24W3/00
571,195/14-23-053-24W3/00
572,195/14-23-053-24W3/00
573,195/14-23-053-24W3/00
574,195/14-23-053-24W3/00
575,195/14-23-053-24W3/00
576,195/14-23-053-24W3/00
577,195/14-23-053-24W3/00
578,195/14-23-053-24W3/00
579,195/14-23-053-24W3/00
580,195/14-23-053-24W3/00
581,195/14-23-053-24W3/00
582,195/14-23-053-24W3/00
583,195/14-23-053-24W3/00
584,195/14-23-053-24W3/00
585,195/14-23-053-24W3/00
586,195/14-23-053-24W3/00
587,195/14-23-053-24W3/00
588,195/14-23-053-24W3/00
589,195/14-23-053-24W3/00
590,195/14-23-053-24W3/00
591,195/14-23-053-24W3/00
592,195/14-23-053-24W3/00
593,195/14-23-053-24W3/00
594,195/14-23-053-24W3/00
595,195/14-23-053-24W3/00
596,195/14-23-053-24W3/00
597,195/14-23-053-24W3/00
598,195/14-23-053-24W3/00
599,195/14-23-053-24W3/00
600,195/14-23-053-24W3/00
601,195/14-23-053-24W3/00
602,195/14-23-053-24W3/00
603,195/14-23-053-24W3/00
604,195/14-23-053-24W3/00
605,195/14-23-053-24W3/00
606,195/14-23-053-24W3/00
607,195/14-23-053-24W3/00
608,195/14-23-053-24W3/00
609,195/14-23-053-24W3/00
610,195/14-23-053-24W3/00
611,195/14-23-053-24W3/00
612,195/14-23-053-24W3/00
613,195/14-23-053-24W3/00
614,195/14-23-053-24W3/00
615,195/14-23-053-24W3/00
616,195/14-23-053-24W3/00
617,195/14-23-053-24W3/00
618,195/14-23-053-24W3/00
619,195/14-23-053-24W3/00
620,195/14-23-053-24W3/00
621,195/14-23-053-24W3/00
622,195/14-23-053-24W3/00
623,195/14-23-053-24W3/00
624,195/14-23-053-24W3/00
625,195/14-23-053-24W3/00
626,195/14-23-053-24W3/00
627,195/14-23-053-24W3/00
628,195/14-23-053-24W3/00
629,195/14-23-053-24W3/00
630,195/14-23-053-24W3/00
631,195/14-23-053-24W3/00
632,196/14-23-053-24W3/00
633,196/14-23-053-24W3/00
634,196/14-23-053-24W3/00
635,196/14-23-053-24W3/00
636,196/14-23-053-24W3/00
637,196/14-23-053-24W3/00
638,196/14-23-053-24W3/00
639,196/14-23-053-24W3/00
640,196/14-23-053-24W3/00
641,196/14-23-053-24W3/00
642,196/14-23-053-24W3/00
643,196/14-23-053-24W3/00
644,196/14-23-053-24W3/00
645,196/14-23-053-24W3/00
646,196/14-23-053-24W3/00
647,196/14-23-053-24W3/00
648,196/14-23-053-24W3/00
649,196/14-23-053-24W3/00
650,196/14-23-053-24W3/00
651,196/14-23-053-24W3/00
652,196/14-23-053-24W3/00
653,196/14-23-053-24W3/00
654,196/14-23-053-24W3/00
655,196/14-23-053-24W3/00
656,196/14-23-053-24W3/00
657,196/14-23-053-24W3/00
658,196/14-23-053-24W3/00
659,196/14-23-053-24W3/00
660,196/14-23-053-24W3/00
661,196/14-23-053-24W3/00
662,196/14-23-053-24W3/00
663,196/14-23-053-24W3/00
664,196/14-23-053-24W3/00
665,196/14-23-053-24W3/00
666,196/14-23-053-24W3/00
667,196/14-23-053-24W3/00
668,196/14-23-053-24W3/00
669,196/14-23-053-24W3/00
670,196/14-23-053-24W3/00
671,196/14-23-053-24W3/00
672,196/14-23-053-24W3/00
673,196/14-23-053-24W3/00
674,196/14-23-053-24W3/00
675,196/14-23-053-24W3/00
676,196/14-23-053-24W3/00
677,196/14-23-053-24W3/00
678,196/14-23-053-24W3/00
679,196/14-23-053-24W3/00
680,196/14-23-053-24W3/00
681,196/14-23-053-24W3/00
682,196/14-23-053-24W3/00
683,196/14-23-053-24W3/00
684,196/14-23-053-24W3/00
685,196/14-23-053-24W3/00
686,196/14-23-053-24W3/00
687,196/14-23-053-24W3/00
688,196/14-23-053-24W3/00
689,196/14-23-053-24W3/00
690,196/14-23-053-24W3/00
691,196/14-23-053-24W3/00
692,196/14-23-053-24W3/00
693,196/14-23-053-24W3/00
694,196/14-23-053-24W3/00
695,196/14-23-053-24W3/00
696,196/14-23-053-24W3/00
697,196/14-23-053-24W3/00
698,196/14-23-053-24W3/00
699,196/14-23-053-24W3/00
700,196/14-23-053-24W3/00
701,191/15-23-053-24W3/00
702,191/15-23-053-24W3/00
703,191/15-23-053-24W3/00
704,191/15-23-053-24W3/00
705,191/15-23-053-24W3/00
706,191/15-23-053-24W3/00
707,191/15-23-053-24W3/00
708,191/15-23-053-24W3/00
709,191/15-23-053-24W3/00
710,191/15-23-053-24W3/00
711,191/15-23-053-24W3/00
712,191/15-23-053-24W3/00
713,191/15-23-053-24W3/00
714,191/15-23-053-24W3/00
715,191/15-23-053-24W3/00
716,191/15-23-053-24W3/00
717,191/15-23-053-24W3/00
718,191/15-23-053-24W3/00
719,191/15-23-053-24W3/00
720,191/15-23-053-24W3/00
721,191/15-23-053-24W3/00
722,191/15-23-053-24W3/00
723,191/15-23-053-24W3/00
724,191/15-23-053-24W3/00
725,191/15-23-053-24W3/00
726,191/15-23-053-24W3/00
727,191/15-23-053-24W3/00
728,191/15-23-053-24W3/00
729,191/15-23-053-24W3/00
730,191/15-23-053-24W3/00
731,191/15-23-053-24W3/00
732,191/15-23-053-24W3/00
733,191/15-23-053-24W3/00
734,191/15-23-053-24W3/00
735,191/15-23-053-24W3/00
736,191/15-23-053-24W3/00
737,191/15-23-053-24W3/00
738,191/15-23-053-24W3/00
739,191/15-23-053-24W3/00
740,191/15-23-053-24W3/00
741,191/15-23-053-24W3/00
742,191/15-23-053-24W3/00
743,191/15-23-053-24W3/00
744,191/15-23-053-24W3/00
745,191/15-23-053-24W3/00
746,191/15-23-053-24W3/00
747,191/15-23-053-24W3/00
748,191/15-23-053-24W3/00
749,191/15-23-053-24W3/00
750,191/15-23-053-24W3/00
751,191/15-23-053-24W3/00
752,191/15-23-053-24W3/00
753,191/15-23-053-24W3/00
754,191/15-23-053-24W3/00
755,191/15-23-053-24W3/00
756,191/15-23-053-24W3/00
757,191/15-23-053-24W3/00
758,191/15-23-053-24W3/00
759,191/15-23-053-24W3/00
760,191/15-23-053-24W3/00
761,191/15-23-053-24W3/00
762,191/15-23-053-24W3/00
763,191/15-23-053-24W3/00
764,191/15-23-053-24W3/00
765,191/15-23-053-24W3/00
766,191/15-23-053-24W3/00
767,191/15-23-053-24W3/00
768,191/15-23-053-24W3/00
769,191/15-23-053-24W3/00
770,191/15-23-053-24W3/00
771,191/15-23-053-24W3/00
772,191/15-23-053-24W3/00
773,191/15-23-053-24W3/00
774,191/15-23-053-24W3/00
775,191/15-23-053-24W3/00
776,191/15-23-053-24W3/00
777,192/15-23-053-24W3/00
778,192/15-23-053-24W3/00
779,192/15-23-053-24W3/00
780,192/15-23-053-24W3/00
781,192/15-23-053-24W3/00
782,192/15-23-053-24W3/00
783,192/15-23-053-24W3/00
784,192/15-23-053-24W3/00
785,192/15-23-053-24W3/00
786,192/15-23-053-24W3/00
787,192/15-23-053-24W3/00
788,192/15-23-053-24W3/00
789,192/15-23-053-24W3/00
790,192/15-23-053-24W3/00
791,192/15-23-053-24W3/00
792,192/15-23-053-24W3/00
793,192/15-23-053-24W3/00
794,192/15-23-053-24W3/00
795,192/15-23-053-24W3/00
796,192/15-23-053-24W3/00
797,192/15-23-053-24W3/00
798,192/15-23-053-24W3/00
799,192/15-23-053-24W3/00
800,192/15-23-053-24W3/00
801,192/15-23-053-24W3/00
802,192/15-23-053-24W3/00
803,192/15-23-053-24W3/00
804,192/15-23-053-24W3/00
805,192/15-23-053-24W3/00
806,192/15-23-053-24W3/00
807,192/15-23-053-24W3/00
808,192/15-23-053-24W3/00
809,192/15-23-053-24W3/00
810,192/15-23-053-24W3/00
811,192/15-23-053-24W3/00
812,192/15-23-053-24W3/00
813,192/15-23-053-24W3/00
814,192/15-23-053-24W3/00
815,192/15-23-053-24W3/00
816,192/15-23-053-24W3/00
817,192/15-23-053-24W3/00
818,104/05-26-053-24W3/00
819,104/05-26-053-24W3/00
820,104/05-26-053-24W3/00
821,104/05-26-053-24W3/00
822,104/05-26-053-24W3/00
823,104/05-26-053-24W3/00
824,101/01-27-053-24W3/00
825,101/01-27-053-24W3/00
826,101/01-27-053-24W3/00
827,101/01-27-053-24W3/00
828,101/01-27-053-24W3/00
829,101/01-27-053-24W3/00
830,101/01-27-053-24W3/00
831,101/01-27-053-24W3/00
832,101/01-27-053-24W3/00
833,101/01-27-053-24W3/00
834,101/01-27-053-24W3/00
835,101/01-27-053-24W3/00
836,101/01-27-053-24W3/00
837,101/09-27-053-24W3/00
838,101/09-27-053-24W3/00
839,101/09-27-053-24W3/00
840,101/09-27-053-24W3/00
841,101/09-27-053-24W3/00
842,101/09-27-053-24W3/00
843,101/09-27-053-24W3/00
844,101/09-27-053-24W3/00
845,101/09-27-053-24W3/00
846,101/09-27-053-24W3/00
847,101/09-27-053-24W3/00
848,101/09-27-053-24W3/00
849,101/09-27-053-24W3/00
850,102/09-27-053-24W3/00
851,102/09-27-053-24W3/00
852,102/09-27-053-24W3/00
853,102/09-27-053-24W3/00
854,102/09-27-053-24W3/00
855,102/09-27-053-24W3/00
856,191/16-27-053-24W3/00
857,191/16-27-053-24W3/00
858,191/16-27-053-24W3/00
859,191/16-27-053-24W3/00
860,191/16-27-053-24W3/00
861,191/16-27-053-24W3/00
862,191/16-27-053-24W3/00
863,191/16-27-053-24W3/00
864,191/16-27-053-24W3/00
865,191/16-27-053-24W3/00
866,191/16-27-053-24W3/00
867,191/16-27-053-24W3/00
868,191/16-27-053-24W3/00
869,191/16-27-053-24W3/00
870,191/16-27-053-24W3/00
871,191/16-27-053-24W3/00
872,191/16-27-053-24W3/00
873,191/16-27-053-24W3/00
874,191/16-27-053-24W3/00
875,191/16-27-053-24W3/00
876,191/16-27-053-24W3/00
877,191/16-27-053-24W3/00
878,191/16-27-053-24W3/00
879,191/16-27-053-24W3/00
880,191/16-27-053-24W3/00
881,191/16-27-053-24W3/00
882,191/16-27-053-24W3/00
883,191/16-27-053-24W3/00
884,191/16-27-053-24W3/00
885,191/16-27-053-24W3/00
886,191/16-27-053-24W3/00
887,191/16-27-053-24W3/00
888,191/16-27-053-24W3/00
889,191/16-27-053-24W3/00
890,191/16-27-053-24W3/00
891,191/16-27-053-24W3/00
892,191/16-27-053-24W3/00
893,191/16-27-053-24W3/00
894,191/16-27-053-24W3/00
895,191/16-27-053-24W3/00
896,191/16-27-053-24W3/00
897,191/16-27-053-24W3/00
898,191/16-27-053-24W3/00
899,191/16-27-053-24W3/00
900,191/16-27-053-24W3/00
901,191/16-27-053-24W3/00
902,191/16-27-053-24W3/00
903,191/16-27-053-24W3/00
904,191/16-27-053-24W3/00
905,191/16-27-053-24W3/00
906,191/16-27-053-24W3/00
907,191/16-27-053-24W3/00
908,191/16-27-053-24W3/00
909,191/16-27-053-24W3/00
910,191/16-27-053-24W3/00
911,191/16-27-053-24W3/00
912,191/16-27-053-24W3/00
913,191/16-27-053-24W3/00
914,191/16-27-053-24W3/00
915,191/16-27-053-24W3/00
916,191/16-27-053-24W3/00
917,191/16-27-053-24W3/00
918,191/16-27-053-24W3/00
919,191/16-27-053-24W3/00
920,191/16-27-053-24W3/00
921,191/16-27-053-24W3/00
922,191/16-27-053-24W3/00
923,191/16-27-053-24W3/00
924,191/16-27-053-24W3/00
925,191/16-27-053-24W3/00
926,191/16-27-053-24W3/00
927,191/16-27-053-24W3/00
928,191/16-27-053-24W3/00
929,191/16-27-053-24W3/00
930,191/16-27-053-24W3/00
931,191/16-27-053-24W3/00
932,191/16-27-053-24W3/00
933,191/16-27-053-24W3/00
934,191/16-27-053-24W3/00
935,192/16-27-053-24W3/00
936,192/16-27-053-24W3/00
937,192/16-27-053-24W3/00
938,192/16-27-053-24W3/00
939,192/16-27-053-24W3/00
940,192/16-27-053-24W3/00
941,192/16-27-053-24W3/00
942,192/16-27-053-24W3/00
943,192/16-27-053-24W3/00
944,192/16-27-053-24W3/00
945,192/16-27-053-24W3/00
946,192/16-27-053-24W3/00
947,192/16-27-053-24W3/00
948,192/16-27-053-24W3/00
949,192/16-27-053-24W3/00
950,192/16-27-053-24W3/00
951,192/16-27-053-24W3/00
952,192/16-27-053-24W3/00
953,192/16-27-053-24W3/00
954,192/16-27-053-24W3/00
955,192/16-27-053-24W3/00
956,192/16-27-053-24W3/00
957,192/16-27-053-24W3/00
958,192/16-27-053-24W3/00
959,192/16-27-053-24W3/00
960,192/16-27-053-24W3/00
961,192/16-27-053-24W3/00
962,192/16-27-053-24W3/00
963,192/16-27-053-24W3/00
964,192/16-27-053-24W3/00
965,192/16-27-053-24W3/00
966,192/16-27-053-24W3/00
967,192/16-27-053-24W3/00
968,192/16-27-053-24W3/00
969,192/16-27-053-24W3/00
970,192/16-27-053-24W3/00
971,192/16-27-053-24W3/00
972,192/16-27-053-24W3/00
973,192/16-27-053-24W3/00
974,192/16-27-053-24W3/00
975,192/16-27-053-24W3/00
976,192/16-27-053-24W3/00
977,192/16-27-053-24W3/00
978,192/16-27-053-24W3/00
979,192/16-27-053-24W3/00
980,192/16-27-053-24W3/00
981,192/16-27-053-24W3/00
982,192/16-27-053-24W3/00
983,192/16-27-053-24W3/00
984,192/16-27-053-24W3/00
985,192/16-27-053-24W3/00
986,192/16-27-053-24W3/00
987,192/16-27-053-24W3/00
988,192/16-27-053-24W3/00
989,192/16-27-053-24W3/00
990,192/16-27-053-24W3/00
991,192/16-27-053-24W3/00
992,192/16-27-053-24W3/00
993,192/16-27-053-24W3/00
994,192/16-27-053-24W3/00
995,192/16-27-053-24W3/00
996,192/16-27-053-24W3/00
997,192/16-27-053-24W3/00
998,192/16-27-053-24W3/00
999,192/16-27-053-24W3/00
1000,192/16-27-053-24W3/00
1001,192/16-27-053-24W3/00
1002,192/16-27-053-24W3/00
1003,192/16-27-053-24W3/00
1004,192/16-27-053-24W3/00
1005,192/16-27-053-24W3/00
1006,192/16-27-053-24W3/00
1007,192/16-27-053-24W3/00
1008,192/16-27-053-24W3/00
1009,192/16-27-053-24W3/00
1010,192/16-27-053-24W3/00
1011,192/16-27-053-24W3/00
1012,192/16-27-053-24W3/00
1013,192/16-27-053-24W3/00
1014,192/16-27-053-24W3/00
1015,193/16-27-053-24W3/00
1016,193/16-27-053-24W3/00
1017,193/16-27-053-24W3/00
1018,193/16-27-053-24W3/00
1019,193/16-27-053-24W3/00
1020,193/16-27-053-24W3/00
1021,193/16-27-053-24W3/00
1022,193/16-27-053-24W3/00
1023,193/16-27-053-24W3/00
1024,193/16-27-053-24W3/00
1025,193/16-27-053-24W3/00
1026,193/16-27-053-24W3/00
1027,193/16-27-053-24W3/00
1028,193/16-27-053-24W3/00
1029,193/16-27-053-24W3/00
1030,193/16-27-053-24W3/00
1031,193/16-27-053-24W3/00
1032,193/16-27-053-24W3/00
1033,193/16-27-053-24W3/00
1034,193/16-27-053-24W3/00
1035,193/16-27-053-24W3/00
1036,193/16-27-053-24W3/00
1037,193/16-27-053-24W3/00
1038,193/16-27-053-24W3/00
1039,193/16-27-053-24W3/00
1040,193/16-27-053-24W3/00
1041,193/16-27-053-24W3/00
1042,193/16-27-053-24W3/00
1043,193/16-27-053-24W3/00
1044,193/16-27-053-24W3/00
1045,193/16-27-053-24W3/00
1046,193/16-27-053-24W3/00
1047,193/16-27-053-24W3/00
1048,193/16-27-053-24W3/00
1049,193/16-27-053-24W3/00
1050,193/16-27-053-24W3/00
1051,193/16-27-053-24W3/00
1052,193/16-27-053-24W3/00
1053,193/16-27-053-24W3/00
1054,193/16-27-053-24W3/00
1055,193/16-27-053-24W3/00
1056,193/16-27-053-24W3/00
1057,193/16-27-053-24W3/00
1058,193/16-27-053-24W3/00
1059,193/16-27-053-24W3/00
1060,193/16-27-053-24W3/00
1061,193/16-27-053-24W3/00
1062,193/16-27-053-24W3/00
1063,193/16-27-053-24W3/00
1064,193/16-27-053-24W3/00
1065,193/16-27-053-24W3/00
1066,193/16-27-053-24W3/00
1067,193/16-27-053-24W3/00
1068,193/16-27-053-24W3/00
1069,193/16-27-053-24W3/00
1070,193/16-27-053-24W3/00
1071,193/16-27-053-24W3/00
1072,193/16-27-053-24W3/00
1073,193/16-27-053-24W3/00
1074,193/16-27-053-24W3/00
1075,193/16-27-053-24W3/00
1076,193/16-27-053-24W3/00
1077,193/16-27-053-24W3/00
1078,193/16-27-053-24W3/00
1079,193/16-27-053-24W3/00
1080,193/16-27-053-24W3/00
1081,193/16-27-053-24W3/00
1082,193/16-27-053-24W3/00
1083,193/16-27-053-24W3/00
1084,193/16-27-053-24W3/00
1085,193/16-27-053-24W3/00
1086,193/16-27-053-24W3/00
1087,193/16-27-053-24W3/00
1088,193/16-27-053-24W3/00
1089,193/16-27-053-24W3/00
1090,193/16-27-053-24W3/00
1091,193/16-27-053-24W3/00
1092,193/16-27-053-24W3/00
1093,193/16-27-053-24W3/00
1094,193/16-27-053-24W3/00
1095,193/16-27-053-24W3/00
1096,193/16-27-053-24W3/00
1097,193/16-27-053-24W3/00
1098,193/16-27-053-24W3/00
1099,193/16-27-053-24W3/00
1100,194/16-27-053-24W3/00
1101,194/16-27-053-24W3/00
1102,194/16-27-053-24W3/00
1103,194/16-27-053-24W3/00
1104,194/16-27-053-24W3/00
1105,194/16-27-053-24W3/00
1106,194/16-27-053-24W3/00
1107,194/16-27-053-24W3/00
1108,194/16-27-053-24W3/00
1109,194/16-27-053-24W3/00
1110,194/16-27-053-24W3/00
1111,194/16-27-053-24W3/00
1112,194/16-27-053-24W3/00
1113,194/16-27-053-24W3/00
1114,194/16-27-053-24W3/00
1115,194/16-27-053-24W3/00
1116,194/16-27-053-24W3/00
1117,194/16-27-053-24W3/00
1118,194/16-27-053-24W3/00
1119,194/16-27-053-24W3/00
1120,194/16-27-053-24W3/00
1121,194/16-27-053-24W3/00
1122,194/16-27-053-24W3/00
1123,194/16-27-053-24W3/00
1124,194/16-27-053-24W3/00
1125,194/16-27-053-24W3/00
1126,194/16-27-053-24W3/00
1127,194/16-27-053-24W3/00
1128,194/16-27-053-24W3/00
1129,194/16-27-053-24W3/00
1130,194/16-27-053-24W3/00
1131,194/16-27-053-24W3/00
1132,194/16-27-053-24W3/00
1133,194/16-27-053-24W3/00
1134,194/16-27-053-24W3/00
1135,194/16-27-053-24W3/00
1136,194/16-27-053-24W3/00
1137,194/16-27-053-24W3/00
1138,194/16-27-053-24W3/00
1139,194/16-27-053-24W3/00
1140,194/16-27-053-24W3/00
1141,194/16-27-053-24W3/00
1142,194/16-27-053-24W3/00
1143,194/16-27-053-24W3/00
1144,194/16-27-053-24W3/00
1145,194/16-27-053-24W3/00
1146,194/16-27-053-24W3/00
1147,194/16-27-053-24W3/00
1148,194/16-27-053-24W3/00
1149,194/16-27-053-24W3/00
1150,194/16-27-053-24W3/00
1151,194/16-27-053-24W3/00
1152,194/16-27-053-24W3/00
1153,194/16-27-053-24W3/00
1154,194/16-27-053-24W3/00
1155,194/16-27-053-24W3/00
1156,194/16-27-053-24W3/00
1157,194/16-27-053-24W3/00
1158,194/16-27-053-24W3/00
1159,194/16-27-053-24W3/00
1160,194/16-27-053-24W3/00
1161,194/16-27-053-24W3/00
1162,194/16-27-053-24W3/00
1163,194/16-27-053-24W3/00
1164,194/16-27-053-24W3/00
1165,194/16-27-053-24W3/00
1166,194/16-27-053-24W3/00
1167,194/16-27-053-24W3/00
1168,194/16-27-053-24W3/00
1169,194/16-27-053-24W3/00
1170,194/16-27-053-24W3/00
1171,194/16-27-053-24W3/00
1172,194/16-27-053-24W3/00
1173,194/16-27-053-24W3/00
1174,194/16-27-053-24W3/00
1175,195/16-27-053-24W3/00
1176,195/16-27-053-24W3/00
1177,195/16-27-053-24W3/00
1178,195/16-27-053-24W3/00
1179,195/16-27-053-24W3/00
1180,195/16-27-053-24W3/00
1181,195/16-27-053-24W3/00
1182,195/16-27-053-24W3/00
1183,195/16-27-053-24W3/00
1184,195/16-27-053-24W3/00
1185,195/16-27-053-24W3/00
1186,195/16-27-053-24W3/00
1187,195/16-27-053-24W3/00
1188,195/16-27-053-24W3/00
1189,195/16-27-053-24W3/00
1190,195/16-27-053-24W3/00
1191,195/16-27-053-24W3/00
1192,195/16-27-053-24W3/00
1193,195/16-27-053-24W3/00
1194,195/16-27-053-24W3/00
1195,195/16-27-053-24W3/00
1196,195/16-27-053-24W3/00
1197,195/16-27-053-24W3/00
1198,195/16-27-053-24W3/00
1199,195/16-27-053-24W3/00
1200,195/16-27-053-24W3/00
1201,195/16-27-053-24W3/00
1202,195/16-27-053-24W3/00
1203,195/16-27-053-24W3/00
1204,195/16-27-053-24W3/00
1205,195/16-27-053-24W3/00
1206,195/16-27-053-24W3/00
1207,195/16-27-053-24W3/00
1208,195/16-27-053-24W3/00
1209,195/16-27-053-24W3/00
1210,195/16-27-053-24W3/00
1211,195/16-27-053-24W3/00
1212,195/16-27-053-24W3/00
1213,195/16-27-053-24W3/00
1214,195/16-27-053-24W3/00
1215,195/16-27-053-24W3/00
1216,195/16-27-053-24W3/00
1217,195/16-27-053-24W3/00
1218,195/16-27-053-24W3/00
1219,195/16-27-053-24W3/00
1220,195/16-27-053-24W3/00
1221,195/16-27-053-24W3/00
1222,195/16-27-053-24W3/00
1223,195/16-27-053-24W3/00
1224,195/16-27-053-24W3/00
1225,195/16-27-053-24W3/00
1226,195/16-27-053-24W3/00
1227,195/16-27-053-24W3/00
1228,195/16-27-053-24W3/00
1229,195/16-27-053-24W3/00
1230,195/16-27-053-24W3/00
1231,195/16-27-053-24W3/00
1232,195/16-27-053-24W3/00
1233,195/16-27-053-24W3/00
1234,195/16-27-053-24W3/00
1235,195/16-27-053-24W3/00
1236,195/16-27-053-24W3/00
1237,195/16-27-053-24W3/00
1238,195/16-27-053-24W3/00
1239,195/16-27-053-24W3/00
1240,195/16-27-053-24W3/00
1241,195/16-27-053-24W3/00
1242,195/16-27-053-24W3/00
1243,195/16-27-053-24W3/00
1244,195/16-27-053-24W3/00
1245,195/16-27-053-24W3/00
1246,195/16-27-053-24W3/00
1247,195/16-27-053-24W3/00
1248,195/16-27-053-24W3/00
1249,195/16-27-053-24W3/00
1250,195/16-27-053-24W3/00
1251,195/16-27-053-24W3/00
1252,195/16-27-053-24W3/00
1253,195/16-27-053-24W3/00
1254,195/16-27-053-24W3/00
1255,195/16-27-053-24W3/00
1256,195/16-27-053-24W3/00
1257,195/16-27-053-24W3/00
1258,195/16-27-053-24W3/00
1259,195/16-27-053-24W3/00
1260,196/16-27-053-24W3/00
1261,196/16-27-053-24W3/00
1262,196/16-27-053-24W3/00
1263,196/16-27-053-24W3/00
1264,196/16-27-053-24W3/00
1265,196/16-27-053-24W3/00
1266,196/16-27-053-24W3/00
1267,196/16-27-053-24W3/00
1268,196/16-27-053-24W3/00
1269,196/16-27-053-24W3/00
1270,196/16-27-053-24W3/00
1271,196/16-27-053-24W3/00
1272,196/16-27-053-24W3/00
1273,196/16-27-053-24W3/00
1274,196/16-27-053-24W3/00
1275,196/16-27-053-24W3/00
1276,196/16-27-053-24W3/00
1277,196/16-27-053-24W3/00
1278,196/16-27-053-24W3/00
1279,196/16-27-053-24W3/00
1280,196/16-27-053-24W3/00
1281,196/16-27-053-24W3/00
1282,196/16-27-053-24W3/00
1283,196/16-27-053-24W3/00
1284,196/16-27-053-24W3/00
1285,196/16-27-053-24W3/00
1286,196/16-27-053-24W3/00
1287,196/16-27-053-24W3/00
1288,196/16-27-053-24W3/00
1289,196/16-27-053-24W3/00
1290,196/16-27-053-24W3/00
1291,196/16-27-053-24W3/00
1292,196/16-27-053-24W3/00
1293,196/16-27-053-24W3/00
1294,196/16-27-053-24W3/00
1295,196/16-27-053-24W3/00
1296,196/16-27-053-24W3/00
1297,196/16-27-053-24W3/00
1298,196/16-27-053-24W3/00
1299,196/16-27-053-24W3/00
1300,196/16-27-053-24W3/00
1301,196/16-27-053-24W3/00
1302,196/16-27-053-24W3/00
1303,196/16-27-053-24W3/00
1304,196/16-27-053-24W3/00
1305,196/16-27-053-24W3/00
1306,196/16-27-053-24W3/00
1307,196/16-27-053-24W3/00
1308,196/16-27-053-24W3/00
1309,196/16-27-053-24W3/00
1310,196/16-27-053-24W3/00
1311,196/16-27-053-24W3/00
1312,196/16-27-053-24W3/00
1313,196/16-27-053-24W3/00
1314,196/16-27-053-24W3/00
1315,196/16-27-053-24W3/00
1316,196/16-27-053-24W3/00
1317,196/16-27-053-24W3/00
1318,196/16-27-053-24W3/00
1319,196/16-27-053-24W3/00
1320,196/16-27-053-24W3/00
1321,196/16-27-053-24W3/00
1322,196/16-27-053-24W3/00
1323,196/16-27-053-24W3/00
1324,196/16-27-053-24W3/00
1325,196/16-27-053-24W3/00
1326,196/16-27-053-24W3/00
1327,196/16-27-053-24W3/00
1328,196/16-27-053-24W3/00
1329,196/16-27-053-24W3/00
1330,196/16-27-053-24W3/00
1331,196/16-27-053-24W3/00
1332,196/16-27-053-24W3/00
1333,196/16-27-053-24W3/00
1334,196/16-27-053-24W3/00
1335,196/16-27-053-24W3/00
1336,196/16-27-053-24W3/00
1337,196/16-27-053-24W3/00
1338,196/16-27-053-24W3/00
1339,196/16-27-053-24W3/00
1340,196/16-27-053-24W3/00
1341,196/16-27-053-24W3/00
1342,196/16-27-053-24W3/00
1343,196/16-27-053-24W3/00
1344,196/16-27-053-24W3/00
1345,197/16-27-053-24W3/00
1346,197/16-27-053-24W3/00
1347,197/16-27-053-24W3/00
1348,197/16-27-053-24W3/00
1349,197/16-27-053-24W3/00
1350,197/16-27-053-24W3/00
1351,197/16-27-053-24W3/00
1352,197/16-27-053-24W3/00
1353,197/16-27-053-24W3/00
1354,197/16-27-053-24W3/00
1355,197/16-27-053-24W3/00
1356,197/16-27-053-24W3/00
1357,197/16-27-053-24W3/00
1358,197/16-27-053-24W3/00
1359,197/16-27-053-24W3/00
1360,197/16-27-053-24W3/00
1361,197/16-27-053-24W3/00
1362,197/16-27-053-24W3/00
1363,197/16-27-053-24W3/00
1364,197/16-27-053-24W3/00
1365,197/16-27-053-24W3/00
1366,197/16-27-053-24W3/00
1367,197/16-27-053-24W3/00
1368,197/16-27-053-24W3/00
1369,197/16-27-053-24W3/00
1370,197/16-27-053-24W3/00
1371,197/16-27-053-24W3/00
1372,197/16-27-053-24W3/00
1373,197/16-27-053-24W3/00
1374,197/16-27-053-24W3/00
1375,197/16-27-053-24W3/00
1376,197/16-27-053-24W3/00
1377,197/16-27-053-24W3/00
1378,197/16-27-053-24W3/00
1379,197/16-27-053-24W3/00
1380,197/16-27-053-24W3/00
1381,197/16-27-053-24W3/00
1382,197/16-27-053-24W3/00
1383,197/16-27-053-24W3/00
1384,197/16-27-053-24W3/00
1385,197/16-27-053-24W3/00
1386,197/16-27-053-24W3/00
1387,197/16-27-053-24W3/00
1388,197/16-27-053-24W3/00
1389,197/16-27-053-24W3/00
1390,197/16-27-053-24W3/00
1391,197/16-27-053-24W3/00
1392,197/16-27-053-24W3/00
1393,197/16-27-053-24W3/00
1394,197/16-27-053-24W3/00
1395,197/16-27-053-24W3/00
1396,197/16-27-053-24W3/00
1397,197/16-27-053-24W3/00
1398,197/16-27-053-24W3/00
1399,197/16-27-053-24W3/00
1400,197/16-27-053-24W3/00
1401,197/16-27-053-24W3/00
1402,197/16-27-053-24W3/00
1403,197/16-27-053-24W3/00
1404,197/16-27-053-24W3/00
1405,197/16-27-053-24W3/00
1406,197/16-27-053-24W3/00
1407,197/16-27-053-24W3/00
1408,197/16-27-053-24W3/00
1409,197/16-27-053-24W3/00
1410,197/16-27-053-24W3/00
1411,197/16-27-053-24W3/00
1412,197/16-27-053-24W3/00
1413,197/16-27-053-24W3/00
1414,197/16-27-053-24W3/00
1415,197/16-27-053-24W3/00
1416,197/16-27-053-24W3/00
1417,197/16-27-053-24W3/00
1418,197/16-27-053-24W3/00
1419,197/16-27-053-24W3/00
1420,197/16-27-053-24W3/00
1421,197/16-27-053-24W3/00
1422,197/16-27-053-24W3/00
1423,197/16-27-053-24W3/00
1424,197/16-27-053-24W3/00
1425,197/16-27-053-24W3/00
1426,197/16-27-053-24W3/00
1427,197/16-27-053-24W3/00
1428,197/16-27-053-24W3/00
1429,197/16-27-053-24W3/00
1430,198/16-27-053-24W3/00
1431,198/16-27-053-24W3/00
1432,198/16-27-053-24W3/00
1433,198/16-27-053-24W3/00
1434,198/16-27-053-24W3/00
1435,198/16-27-053-24W3/00
1436,198/16-27-053-24W3/00
1437,198/16-27-053-24W3/00
1438,198/16-27-053-24W3/00
1439,198/16-27-053-24W3/00
1440,198/16-27-053-24W3/00
1441,198/16-27-053-24W3/00
1442,198/16-27-053-24W3/00
1443,198/16-27-053-24W3/00
1444,198/16-27-053-24W3/00
1445,198/16-27-053-24W3/00
1446,198/16-27-053-24W3/00
1447,198/16-27-053-24W3/00
1448,198/16-27-053-24W3/00
1449,198/16-27-053-24W3/00
1450,198/16-27-053-24W3/00
1451,198/16-27-053-24W3/00
1452,198/16-27-053-24W3/00
1453,198/16-27-053-24W3/00
1454,198/16-27-053-24W3/00
1455,198/16-27-053-24W3/00
1456,198/16-27-053-24W3/00
1457,198/16-27-053-24W3/00
1458,198/16-27-053-24W3/00
1459,198/16-27-053-24W3/00
1460,198/16-27-053-24W3/00
1461,198/16-27-053-24W3/00
1462,198/16-27-053-24W3/00
1463,198/16-27-053-24W3/00
1464,198/16-27-053-24W3/00
1465,198/16-27-053-24W3/00
1466,198/16-27-053-24W3/00
1467,198/16-27-053-24W3/00
1468,198/16-27-053-24W3/00
1469,198/16-27-053-24W3/00
1470,198/16-27-053-24W3/00
1471,198/16-27-053-24W3/00
1472,198/16-27-053-24W3/00
1473,198/16-27-053-24W3/00
1474,198/16-27-053-24W3/00
1475,198/16-27-053-24W3/00
1476,198/16-27-053-24W3/00
1477,198/16-27-053-24W3/00
1478,198/16-27-053-24W3/00
1479,198/16-27-053-24W3/00
1480,198/16-27-053-24W3/00
1481,198/16-27-053-24W3/00
1482,198/16-27-053-24W3/00
1483,198/16-27-053-24W3/00
1484,198/16-27-053-24W3/00
1485,198/16-27-053-24W3/00
1486,198/16-27-053-24W3/00
1487,198/16-27-053-24W3/00
1488,198/16-27-053-24W3/00
1489,198/16-27-053-24W3/00
1490,198/16-27-053-24W3/00
1491,198/16-27-053-24W3/00
1492,198/16-27-053-24W3/00
1493,198/16-27-053-24W3/00
1494,198/16-27-053-24W3/00
1495,198/16-27-053-24W3/00
1496,198/16-27-053-24W3/00
1497,198/16-27-053-24W3/00
1498,198/16-27-053-24W3/00
1499,198/16-27-053-24W3/00
1500,198/16-27-053-24W3/00
1501,198/16-27-053-24W3/00
1502,198/16-27-053-24W3/00
1503,198/16-27-053-24W3/00
1504,198/16-27-053-24W3/00
1505,198/16-27-053-24W3/00
1506,198/16-27-053-24W3/00
1507,198/16-27-053-24W3/00
1508,198/16-27-053-24W3/00
1509,198/16-27-053-24W3/00
1510,198/16-27-053-24W3/00
1511,198/16-27-053-24W3/00
1512,198/16-27-053-24W3/00
1513,198/16-27-053-24W3/00
1514,198/16-27-053-24W3/00
1515,19A/16-27-053-24W3/00
1516,19A/16-27-053-24W3/00
1517,19A/16-27-053-24W3/00
1518,19A/16-27-053-24W3/00
1519,19A/16-27-053-24W3/00
1520,19A/16-27-053-24W3/00
1521,19A/16-27-053-24W3/00
1522,19A/16-27-053-24W3/00
1523,19A/16-27-053-24W3/00
1524,19A/16-27-053-24W3/00
1525,19A/16-27-053-24W3/00
1526,19A/16-27-053-24W3/00
1527,19A/16-27-053-24W3/00
1528,19A/16-27-053-24W3/00
1529,19A/16-27-053-24W3/00
1530,19A/16-27-053-24W3/00
1531,19A/16-27-053-24W3/00
1532,19A/16-27-053-24W3/00
1533,19A/16-27-053-24W3/00
1534,19A/16-27-053-24W3/00
1535,19A/16-27-053-24W3/00
1536,19A/16-27-053-24W3/00
1537,19A/16-27-053-24W3/00
1538,19A/16-27-053-24W3/00
1539,19A/16-27-053-24W3/00
1540,19A/16-27-053-24W3/00
1541,19A/16-27-053-24W3/00
1542,19A/16-27-053-24W3/00
1543,19A/16-27-053-24W3/00
1544,19A/16-27-053-24W3/00
1545,19A/16-27-053-24W3/00
1546,19A/16-27-053-24W3/00
1547,19A/16-27-053-24W3/00
1548,19A/16-27-053-24W3/00
1549,19A/16-27-053-24W3/00
1550,19A/16-27-053-24W3/00
1551,19A/16-27-053-24W3/00
1552,19A/16-27-053-24W3/00
1553,19A/16-27-053-24W3/00
1554,19A/16-27-053-24W3/00
1555,19A/16-27-053-24W3/00
1556,19A/16-27-053-24W3/00
1557,19A/16-27-053-24W3/00
1558,19A/16-27-053-24W3/00
1559,19A/16-27-053-24W3/00
1560,19A/16-27-053-24W3/00
1561,19A/16-27-053-24W3/00
1562,19A/16-27-053-24W3/00
1563,19A/16-27-053-24W3/00
1564,19A/16-27-053-24W3/00
1565,19A/16-27-053-24W3/00
1566,19A/16-27-053-24W3/00
1567,19A/16-27-053-24W3/00
1568,19A/16-27-053-24W3/00
1569,19A/16-27-053-24W3/00
1570,19A/16-27-053-24W3/00
1571,19A/16-27-053-24W3/00
1572,19A/16-27-053-24W3/00
1573,19A/16-27-053-24W3/00
1574,19A/16-27-053-24W3/00
1575,19A/16-27-053-24W3/00
1576,19A/16-27-053-24W3/00
1577,19A/16-27-053-24W3/00
1578,19A/16-27-053-24W3/00
1579,19A/16-27-053-24W3/00
1580,19A/16-27-053-24W3/00
1581,19A/16-27-053-24W3/00
1582,19A/16-27-053-24W3/00
1583,19A/16-27-053-24W3/00
1584,19A/16-27-053-24W3/00
1585,19A/16-27-053-24W3/00
1586,19A/16-27-053-24W3/00
1587,19A/16-27-053-24W3/00
1588,19A/16-27-053-24W3/00
1589,19A/16-27-053-24W3/00
1590,19A/16-27-053-24W3/00
1591,19A/16-27-053-24W3/00
1592,19A/16-27-053-24W3/00
1593,19A/16-27-053-24W3/00
1594,19A/16-27-053-24W3/00
1595,19A/16-27-053-24W3/00
1596,19A/16-27-053-24W3/00
1597,19A/16-27-053-24W3/00
1598,19A/16-27-053-24W3/00
1599,19A/16-27-053-24W3/00
1600,19A/16-27-053-24W3/00
1601,19A/16-27-053-24W3/00
1602,19A/16-27-053-24W3/00
1603,19A/16-27-053-24W3/00
1604,19A/16-27-053-24W3/00
1605,19A/16-27-053-24W3/00
1606,19B/16-27-053-24W3/00
1607,19B/16-27-053-24W3/00
1608,19B/16-27-053-24W3/00
1609,19B/16-27-053-24W3/00
1610,19B/16-27-053-24W3/00
1611,19B/16-27-053-24W3/00
1612,19B/16-27-053-24W3/00
1613,19B/16-27-053-24W3/00
1614,19B/16-27-053-24W3/00
1615,19B/16-27-053-24W3/00
1616,19B/16-27-053-24W3/00
1617,19B/16-27-053-24W3/00
1618,19B/16-27-053-24W3/00
1619,19B/16-27-053-24W3/00
1620,19B/16-27-053-24W3/00
1621,19B/16-27-053-24W3/00
1622,19B/16-27-053-24W3/00
1623,19B/16-27-053-24W3/00
1624,19B/16-27-053-24W3/00
1625,19B/16-27-053-24W3/00
1626,19B/16-27-053-24W3/00
1627,19B/16-27-053-24W3/00
1628,19B/16-27-053-24W3/00
1629,19B/16-27-053-24W3/00
1630,19B/16-27-053-24W3/00
1631,19B/16-27-053-24W3/00
1632,19B/16-27-053-24W3/00
1633,19B/16-27-053-24W3/00
1634,19B/16-27-053-24W3/00
1635,19B/16-27-053-24W3/00
1636,19B/16-27-053-24W3/00
1637,19B/16-27-053-24W3/00
1638,19B/16-27-053-24W3/00
1639,19B/16-27-053-24W3/00
1640,19B/16-27-053-24W3/00
1641,19B/16-27-053-24W3/00
1642,19B/16-27-053-24W3/00
1643,19B/16-27-053-24W3/00
1644,19B/16-27-053-24W3/00
1645,19B/16-27-053-24W3/00
1646,19B/16-27-053-24W3/00
1647,19B/16-27-053-24W3/00
1648,19B/16-27-053-24W3/00
1649,19B/16-27-053-24W3/00
1650,19B/16-27-053-24W3/00
1651,19B/16-27-053-24W3/00
1652,19B/16-27-053-24W3/00
1653,19B/16-27-053-24W3/00
1654,19B/16-27-053-24W3/00
1655,19B/16-27-053-24W3/00
1656,19B/16-27-053-24W3/00
1657,19B/16-27-053-24W3/00
1658,19B/16-27-053-24W3/00
1659,19B/16-27-053-24W3/00
1660,19B/16-27-053-24W3/00
1661,19B/16-27-053-24W3/00
1662,19B/16-27-053-24W3/00
1663,19B/16-27-053-24W3/00
1664,19B/16-27-053-24W3/00
1665,19B/16-27-053-24W3/00
1666,19B/16-27-053-24W3/00
1667,19B/16-27-053-24W3/00
1668,19B/16-27-053-24W3/00
1669,19B/16-27-053-24W3/00
1670,19B/16-27-053-24W3/00
1671,19B/16-27-053-24W3/00
1672,19B/16-27-053-24W3/00
1673,19B/16-27-053-24W3/00
1674,19B/16-27-053-24W3/00
1675,19B/16-27-053-24W3/00
1676,19B/16-27-053-24W3/00
1677,19B/16-27-053-24W3/00
1678,19B/16-27-053-24W3/00
1679,19B/16-27-053-24W3/00
1680,19B/16-27-053-24W3/00
1681,19B/16-27-053-24W3/00
1682,19B/16-27-053-24W3/00
1683,19B/16-27-053-24W3/00
1684,19B/16-27-053-24W3/00
1685,19B/16-27-053-24W3/00
1686,19B/16-27-053-24W3/00
1687,19B/16-27-053-24W3/00
1688,19B/16-27-053-24W3/00
1689,19B/16-27-053-24W3/00
1690,19B/16-27-053-24W3/00
1691,19B/16-27-053-24W3/00
1692,19B/16-27-053-24W3/00
1693,19B/16-27-053-24W3/00
1694,19B/16-27-053-24W3/00
1695,19B/16-27-053-24W3/00
1696,19B/16-27-053-24W3/00
1697,19B/16-27-053-24W3/00
1698,19B/16-27-053-24W3/00
1699,19B/16-27-053-24W3/00
1700,19B/16-27-053-24W3/00
1701,19B/16-27-053-24W3/00
1702,19B/16-27-053-24W3/00
1703,19B/16-27-053-24W3/00
1704,19B/16-27-053-24W3/00
1705,19B/16-27-053-24W3/00
1706,19B/16-27-053-24W3/00
1707,19B/16-27-053-24W3/00
1708,19B/16-27-053-24W3/00
1709,19B/16-27-053-24W3/00
1710,19B/16-27-053-24W3/00
1711,19B/16-27-053-24W3/00
1712,19B/16-27-053-24W3/00
1713,19B/16-27-053-24W3/00
1714,19B/16-27-053-24W3/00
1715,19B/16-27-053-24W3/00
1716,19B/16-27-053-24W3/00
1717,19B/16-27-053-24W3/00
1718,19B/16-27-053-24W3/00
1719,19B/16-27-053-24W3/00
1720,19B/16-27-053-24W3/00
1721,19B/16-27-053-24W3/00
1722,19B/16-27-053-24W3/00
1723,19B/16-27-053-24W3/00
1724,19B/16-27-053-24W3/00
1725,19B/16-27-053-24W3/00
1726,19B/16-27-053-24W3/00
1727,19B/16-27-053-24W3/00
1728,19B/16-27-053-24W3/00
1729,19B/16-27-053-24W3/00
1730,19B/16-27-053-24W3/00
1731,19B/16-27-053-24W3/00
1732,101/01-34-053-24W3/00
1733,101/01-34-053-24W3/00
1734,101/01-34-053-24W3/00
1735,101/01-34-053-24W3/00
1736,101/01-34-053-24W3/00
1737,101/02-34-053-24W3/00
1738,101/02-34-053-24W3/00
1739,101/02-34-053-24W3/00
1740,101/02-34-053-24W3/00
1741,101/02-34-053-24W3/00
1742,101/02-34-053-24W3/00
1743,101/02-34-053-24W3/00
1744,101/02-34-053-24W3/00
1745,101/02-34-053-24W3/00
1746,101/02-34-053-24W3/00
1747,101/02-34-053-24W3/00
1748,101/02-34-053-24W3/00
1749,101/02-34-053-24W3/00
1750,101/02-34-053-24W3/00
1751,101/02-34-053-24W3/00
1752,101/02-34-053-24W3/00
1753,101/02-34-053-24W3/00
1754,101/02-34-053-24W3/00
1755,101/02-34-053-24W3/00
1756,101/02-34-053-24W3/00
1757,101/02-34-053-24W3/00
1758,101/02-34-053-24W3/00
1759,101/02-34-053-24W3/00
1760,101/02-34-053-24W3/00
1761,101/02-34-053-24W3/00
1762,101/02-34-053-24W3/00
1763,101/02-34-053-24W3/00
1764,101/02-34-053-24W3/00
1765,101/02-34-053-24W3/00
1766,101/02-34-053-24W3/00
1767,101/02-34-053-24W3/00
1768,101/02-34-053-24W3/00
1769,101/02-34-053-24W3/00
1770,101/02-34-053-24W3/00
1771,101/02-34-053-24W3/00
1772,101/02-34-053-24W3/00
1773,101/02-34-053-24W3/00
1774,101/02-34-053-24W3/00
1775,101/02-34-053-24W3/00
1776,101/02-34-053-24W3/00
1777,101/02-34-053-24W3/00
1778,101/02-34-053-24W3/00
1779,101/02-34-053-24W3/00
1780,101/02-34-053-24W3/00
1781,101/02-34-053-24W3/00
1782,101/02-34-053-24W3/00
1783,101/02-34-053-24W3/00
1784,101/02-34-053-24W3/00
1785,101/02-34-053-24W3/00
1786,101/02-34-053-24W3/00
1787,101/02-34-053-24W3/00
1788,101/02-34-053-24W3/00
1789,101/02-34-053-24W3/00
1790,101/02-34-053-24W3/00
1791,101/07-34-053-24W3/00
1792,101/07-34-053-24W3/00
1793,101/07-34-053-24W3/00
1794,101/07-34-053-24W3/00
1795,101/07-34-053-24W3/00
1796,101/07-34-053-24W3/00
1797,101/07-34-053-24W3/00
1798,101/07-34-053-24W3/00
1799,101/07-34-053-24W3/00
1800,101/07-34-053-24W3/00
1801,101/07-34-053-24W3/00
1802,101/07-34-053-24W3/00
1803,101/07-34-053-24W3/00
1804,101/07-34-053-24W3/00
1805,101/07-34-053-24W3/00
1806,101/07-34-053-24W3/00
1807,101/07-34-053-24W3/00
1808,101/07-34-053-24W3/00
1809,101/07-34-053-24W3/00
1810,101/07-34-053-24W3/00
1811,101/07-34-053-24W3/00
1812,101/07-34-053-24W3/00
1813,101/07-34-053-24W3/00
1814,101/07-34-053-24W3/00
1815,101/07-34-053-24W3/00
1816,101/07-34-053-24W3/00
1817,101/07-34-053-24W3/00
1818,101/07-34-053-24W3/00
1819,101/07-34-053-24W3/00
1820,101/07-34-053-24W3/00
1821,101/07-34-053-24W3/00
1822,101/07-34-053-24W3/00
1823,101/07-34-053-24W3/00
1824,101/07-34-053-24W3/00
1825,101/07-34-053-24W3/00
1826,101/07-34-053-24W3/00
1827,101/07-34-053-24W3/00
1828,101/07-34-053-24W3/00
1829,101/07-34-053-24W3/00
1830,101/07-34-053-24W3/00
1831,101/07-34-053-24W3/00
1832,101/07-34-053-24W3/00
1833,101/07-34-053-24W3/00
1834,101/07-34-053-24W3/00
1835,101/07-34-053-24W3/00
1836,101/07-34-053-24W3/00
1837,101/07-34-053-24W3/00
1838,101/07-34-053-24W3/00
1839,101/07-34-053-24W3/00
1840,101/07-34-053-24W3/00
1841,101/07-34-053-24W3/00
1842,101/07-34-053-24W3/00
1843,101/07-34-053-24W3/00
1844,101/07-34-053-24W3/00
1845,101/07-34-053-24W3/00
1846,101/07-34-053-24W3/00
1847,101/07-34-053-24W3/00
1848,101/07-34-053-24W3/00
1849,101/07-34-053-24W3/00
1850,101/07-34-053-24W3/00
1851,101/07-34-053-24W3/00
1852,103/07-34-053-24W3/00
1853,103/07-34-053-24W3/00
1854,103/07-34-053-24W3/00
1855,103/07-34-053-24W3/00
1856,103/07-34-053-24W3/00
1857,103/07-34-053-24W3/00
1858,103/07-34-053-24W3/00
1859,103/07-34-053-24W3/00
1860,103/07-34-053-24W3/00
1861,103/07-34-053-24W3/00
1862,103/07-34-053-24W3/00
1863,103/07-34-053-24W3/00
1864,103/07-34-053-24W3/00
1865,103/07-34-053-24W3/00
1866,103/07-34-053-24W3/00
1867,103/07-34-053-24W3/00
1868,103/07-34-053-24W3/00
1869,103/07-34-053-24W3/00
1870,103/07-34-053-24W3/00
1871,103/07-34-053-24W3/00
1872,103/07-34-053-24W3/00
1873,103/07-34-053-24W3/00
1874,103/07-34-053-24W3/00
1875,103/07-34-053-24W3/00
1876,103/07-34-053-24W3/00
1877,103/07-34-053-24W3/00
1878,103/07-34-053-24W3/00
1879,103/07-34-053-24W3/00
1880,103/07-34-053-24W3/00
1881,103/07-34-053-24W3/00
1882,103/07-34-053-24W3/00
1883,103/07-34-053-24W3/00
1884,103/07-34-053-24W3/00
1885,103/07-34-053-24W3/00
1886,103/07-34-053-24W3/00
1887,103/07-34-053-24W3/00
1888,103/07-34-053-24W3/00
1889,103/07-34-053-24W3/00
1890,103/07-34-053-24W3/00
1891,103/07-34-053-24W3/00
1892,103/07-34-053-24W3/00
1893,103/07-34-053-24W3/00
1894,103/07-34-053-24W3/00
1895,103/07-34-053-24W3/00
1896,103/07-34-053-24W3/00
1897,103/07-34-053-24W3/00
1898,103/07-34-053-24W3/00
1899,103/07-34-053-24W3/00
1900,103/07-34-053-24W3/00
1901,103/07-34-053-24W3/00
1902,103/07-34-053-24W3/00
1903,103/07-34-053-24W3/00
1904,103/07-34-053-24W3/00
1905,103/07-34-053-24W3/00
1906,103/07-34-053-24W3/00
1907,103/07-34-053-24W3/00
1908,103/07-34-053-24W3/00
1909,103/07-34-053-24W3/00
1910,103/07-34-053-24W3/00
1911,103/07-34-053-24W3/00
1912,103/07-34-053-24W3/00
1913,103/07-34-053-24W3/00
1914,103/07-34-053-24W3/00
1915,103/07-34-053-24W3/00
1916,104/07-34-053-24W3/00
1917,104/07-34-053-24W3/00
1918,104/07-34-053-24W3/00
1919,104/07-34-053-24W3/00
1920,104/07-34-053-24W3/00
1921,104/07-34-053-24W3/00
1922,104/07-34-053-24W3/00
1923,104/07-34-053-24W3/00
1924,104/07-34-053-24W3/00
1925,104/07-34-053-24W3/00
1926,104/07-34-053-24W3/00
1927,104/07-34-053-24W3/00
1928,104/07-34-053-24W3/00
1929,104/07-34-053-24W3/00
1930,104/07-34-053-24W3/00
1931,104/07-34-053-24W3/00
1932,104/07-34-053-24W3/00
1933,104/07-34-053-24W3/00
1934,104/07-34-053-24W3/00
1935,104/07-34-053-24W3/00
1936,104/07-34-053-24W3/00
1937,104/07-34-053-24W3/00
1938,104/07-34-053-24W3/00
1939,104/07-34-053-24W3/00
1940,104/07-34-053-24W3/00
1941,104/07-34-053-24W3/00
1942,104/07-34-053-24W3/00
1943,104/07-34-053-24W3/00
1944,104/07-34-053-24W3/00
1945,104/07-34-053-24W3/00
1946,104/07-34-053-24W3/00
1947,104/07-34-053-24W3/00
1948,104/07-34-053-24W3/00
1949,104/07-34-053-24W3/00
1950,104/07-34-053-24W3/00
1951,104/07-34-053-24W3/00
1952,104/07-34-053-24W3/00
1953,104/07-34-053-24W3/00
1954,104/07-34-053-24W3/00
1955,104/07-34-053-24W3/00
1956,104/07-34-053-24W3/00
1957,104/07-34-053-24W3/00
1958,104/07-34-053-24W3/00
1959,104/07-34-053-24W3/00
1960,104/07-34-053-24W3/00
1961,104/07-34-053-24W3/00
1962,104/07-34-053-24W3/00
1963,104/07-34-053-24W3/00
1964,104/07-34-053-24W3/00
1965,104/07-34-053-24W3/00
1966,104/07-34-053-24W3/00
1967,104/07-34-053-24W3/00
1968,104/07-34-053-24W3/00
1969,104/07-34-053-24W3/00
1970,104/07-34-053-24W3/00
1971,104/07-34-053-24W3/00
1972,104/07-34-053-24W3/00
1973,104/07-34-053-24W3/00
1974,104/07-34-053-24W3/00
1975,104/07-34-053-24W3/00
1976,105/07-34-053-24W3/00
1977,105/07-34-053-24W3/00
1978,105/07-34-053-24W3/00
1979,105/07-34-053-24W3/00
1980,105/07-34-053-24W3/00
1981,105/07-34-053-24W3/00
1982,105/07-34-053-24W3/00
1983,105/07-34-053-24W3/00
1984,105/07-34-053-24W3/00
1985,105/07-34-053-24W3/00
1986,105/07-34-053-24W3/00
1987,105/07-34-053-24W3/00
1988,105/07-34-053-24W3/00
1989,105/07-34-053-24W3/00
1990,105/07-34-053-24W3/00
1991,105/07-34-053-24W3/00
1992,105/07-34-053-24W3/00
1993,105/07-34-053-24W3/00
1994,105/07-34-053-24W3/00
1995,105/07-34-053-24W3/00
1996,105/07-34-053-24W3/00
1997,105/07-34-053-24W3/00
1998,105/07-34-053-24W3/00
1999,105/07-34-053-24W3/00
2000,105/07-34-053-24W3/00
2001,105/07-34-053-24W3/00
2002,105/07-34-053-24W3/00
2003,105/07-34-053-24W3/00
2004,105/07-34-053-24W3/00
2005,105/07-34-053-24W3/00
2006,105/07-34-053-24W3/00
2007,105/07-34-053-24W3/00
2008,105/07-34-053-24W3/00
2009,105/07-34-053-24W3/00
2010,105/07-34-053-24W3/00
2011,105/07-34-053-24W3/00
2012,105/07-34-053-24W3/00
2013,105/07-34-053-24W3/00
2014,105/07-34-053-24W3/00
2015,105/07-34-053-24W3/00
2016,105/07-34-053-24W3/00
2017,105/07-34-053-24W3/00
2018,105/07-34-053-24W3/00
2019,105/07-34-053-24W3/00
2020,105/07-34-053-24W3/00
2021,105/07-34-053-24W3/00
2022,105/07-34-053-24W3/00
2023,105/07-34-053-24W3/00
2024,105/07-34-053-24W3/00
2025,105/07-34-053-24W3/00
2026,105/07-34-053-24W3/00
2027,105/07-34-053-24W3/00
2028,105/07-34-053-24W3/00
2029,105/07-34-053-24W3/00
2030,105/07-34-053-24W3/00
2031,105/07-34-053-24W3/00
2032,105/07-34-053-24W3/00
2033,105/07-34-053-24W3/00
2034,105/07-34-053-24W3/00
2035,105/07-34-053-24W3/00
2036,105/07-34-053-24W3/00
2037,105/07-34-053-24W3/00
2038,105/07-34-053-24W3/00
2039,105/07-34-053-24W3/00
2040,106/07-34-053-24W3/00
2041,106/07-34-053-24W3/00
2042,106/07-34-053-24W3/00
2043,106/07-34-053-24W3/00
2044,106/07-34-053-24W3/00
2045,106/07-34-053-24W3/00
2046,106/07-34-053-24W3/00
2047,106/07-34-053-24W3/00
2048,106/07-34-053-24W3/00
2049,106/07-34-053-24W3/00
2050,106/07-34-053-24W3/00
2051,106/07-34-053-24W3/00
2052,106/07-34-053-24W3/00
2053,106/07-34-053-24W3/00
2054,106/07-34-053-24W3/00
2055,106/07-34-053-24W3/00
2056,106/07-34-053-24W3/00
2057,106/07-34-053-24W3/00
2058,106/07-34-053-24W3/00
2059,106/07-34-053-24W3/00
2060,106/07-34-053-24W3/00
2061,106/07-34-053-24W3/00
2062,106/07-34-053-24W3/00
2063,106/07-34-053-24W3/00
2064,106/07-34-053-24W3/00
2065,106/07-34-053-24W3/00
2066,106/07-34-053-24W3/00
2067,106/07-34-053-24W3/00
2068,106/07-34-053-24W3/00
2069,106/07-34-053-24W3/00
2070,106/07-34-053-24W3/00
2071,106/07-34-053-24W3/00
2072,106/07-34-053-24W3/00
2073,106/07-34-053-24W3/00
2074,106/07-34-053-24W3/00
2075,106/07-34-053-24W3/00
2076,106/07-34-053-24W3/00
2077,106/07-34-053-24W3/00
2078,106/07-34-053-24W3/00
2079,106/07-34-053-24W3/00
2080,106/07-34-053-24W3/00
2081,106/07-34-053-24W3/00
2082,106/07-34-053-24W3/00
2083,106/07-34-053-24W3/00
2084,106/07-34-053-24W3/00
2085,106/07-34-053-24W3/00
2086,106/07-34-053-24W3/00
2087,106/07-34-053-24W3/00
2088,106/07-34-053-24W3/00
2089,106/07-34-053-24W3/00
2090,107/07-34-053-24W3/00
2091,107/07-34-053-24W3/00
2092,107/07-34-053-24W3/00
2093,107/07-34-053-24W3/00
2094,107/07-34-053-24W3/00
2095,107/07-34-053-24W3/00
2096,107/07-34-053-24W3/00
2097,107/07-34-053-24W3/00
2098,107/07-34-053-24W3/00
2099,107/07-34-053-24W3/00
2100,107/07-34-053-24W3/00
2101,107/07-34-053-24W3/00
2102,107/07-34-053-24W3/00
2103,107/07-34-053-24W3/00
2104,107/07-34-053-24W3/00
2105,107/07-34-053-24W3/00
2106,107/07-34-053-24W3/00
2107,107/07-34-053-24W3/00
2108,107/07-34-053-24W3/00
2109,107/07-34-053-24W3/00
2110,107/07-34-053-24W3/00
2111,107/07-34-053-24W3/00
2112,107/07-34-053-24W3/00
2113,107/07-34-053-24W3/00
2114,107/07-34-053-24W3/00
2115,107/07-34-053-24W3/00
2116,107/07-34-053-24W3/00
2117,107/07-34-053-24W3/00
2118,107/07-34-053-24W3/00
2119,107/07-34-053-24W3/00
2120,107/07-34-053-24W3/00
2121,107/07-34-053-24W3/00
2122,107/07-34-053-24W3/00
2123,107/07-34-053-24W3/00
2124,107/07-34-053-24W3/00
2125,107/07-34-053-24W3/00
2126,107/07-34-053-24W3/00
2127,107/07-34-053-24W3/00
2128,107/07-34-053-24W3/00
2129,107/07-34-053-24W3/00
2130,107/07-34-053-24W3/00
2131,107/07-34-053-24W3/00
2132,107/07-34-053-24W3/00
2133,107/07-34-053-24W3/00
2134,107/07-34-053-24W3/00
2135,107/07-34-053-24W3/00
2136,107/07-34-053-24W3/00
2137,107/07-34-053-24W3/00
2138,107/07-34-053-24W3/00
2139,108/07-34-053-24W3/00
2140,108/07-34-053-24W3/00
2141,108/07-34-053-24W3/00
2142,108/07-34-053-24W3/00
2143,108/07-34-053-24W3/00
2144,108/07-34-053-24W3/00
2145,108/07-34-053-24W3/00
2146,108/07-34-053-24W3/00
2147,108/07-34-053-24W3/00
2148,108/07-34-053-24W3/00
2149,108/07-34-053-24W3/00
2150,108/07-34-053-24W3/00
2151,108/07-34-053-24W3/00
2152,101/08-34-053-24W3/00
2153,101/08-34-053-24W3/00
2154,101/08-34-053-24W3/00
2155,101/08-34-053-24W3/00
2156,101/08-34-053-24W3/00
2157,101/08-34-053-24W3/00
2158,101/08-34-053-24W3/00
2159,101/08-34-053-24W3/00
2160,101/08-34-053-24W3/00
2161,101/08-34-053-24W3/00
2162,101/08-34-053-24W3/00
2163,101/08-34-053-24W3/00
2164,101/08-34-053-24W3/00
2165,101/08-34-053-24W3/00
2166,101/08-34-053-24W3/00
2167,101/08-34-053-24W3/00
2168,101/08-34-053-24W3/00
2169,101/08-34-053-24W3/00
2170,101/08-34-053-24W3/00
2171,101/08-34-053-24W3/00
2172,101/08-34-053-24W3/00
2173,101/08-34-053-24W3/00
2174,101/08-34-053-24W3/00
2175,101/08-34-053-24W3/00
2176,101/08-34-053-24W3/00
2177,101/08-34-053-24W3/00
2178,101/08-34-053-24W3/00
2179,101/08-34-053-24W3/00
2180,101/08-34-053-24W3/00
2181,101/08-34-053-24W3/00
2182,101/08-34-053-24W3/00
2183,101/08-34-053-24W3/00
2184,101/08-34-053-24W3/00
2185,101/08-34-053-24W3/00
2186,101/08-34-053-24W3/00
2187,101/08-34-053-24W3/00
2188,101/08-34-053-24W3/00
2189,101/08-34-053-24W3/00
2190,101/08-34-053-24W3/00
2191,101/08-34-053-24W3/00
2192,101/08-34-053-24W3/00
2193,101/08-34-053-24W3/00
2194,102/08-34-053-24W3/00
2195,102/08-34-053-24W3/00
2196,102/08-34-053-24W3/00
2197,102/08-34-053-24W3/00
2198,102/08-34-053-24W3/00
2199,102/08-34-053-24W3/00
2200,102/08-34-053-24W3/00
2201,102/08-34-053-24W3/00
2202,102/08-34-053-24W3/00
2203,102/08-34-053-24W3/00
2204,102/08-34-053-24W3/00
2205,102/08-34-053-24W3/00
2206,102/08-34-053-24W3/00
2207,102/08-34-053-24W3/00
2208,102/08-34-053-24W3/00
2209,102/08-34-053-24W3/00
2210,102/08-34-053-24W3/00
2211,102/08-34-053-24W3/00
2212,102/08-34-053-24W3/00
2213,102/08-34-053-24W3/00
2214,102/08-34-053-24W3/00
2215,102/08-34-053-24W3/00
2216,102/08-34-053-24W3/00
2217,102/08-34-053-24W3/00
2218,102/08-34-053-24W3/00
2219,102/08-34-053-24W3/00
2220,102/08-34-053-24W3/00
2221,102/08-34-053-24W3/00
2222,102/08-34-053-24W3/00
2223,102/08-34-053-24W3/00
2224,102/08-34-053-24W3/00
2225,102/08-34-053-24W3/00
2226,102/08-34-053-24W3/00
2227,102/08-34-053-24W3/00
2228,102/08-34-053-24W3/00
2229,102/08-34-053-24W3/00
2230,102/08-34-053-24W3/00
2231,102/08-34-053-24W3/00
2232,102/08-34-053-24W3/00
2233,102/08-34-053-24W3/00
2234,102/08-34-053-24W3/00
2235,102/08-34-053-24W3/00
