ProdDate,MonthlyOil(m3),AvgDlyOil(m3/d),CalDlyOil(m3/d),CumPrdOil(m3),MonthlyGas(E3m3),AvgDlyGas(E3m3/d),CalDlyGas(E3m3/d),CumPrdGas(E3m3),MonthlyWater(m3),AvgDlyWtr(m3/d),CalDlyWtr(m3/d),CumPrdWtr(m3),MonthlyCnd(m3),AvgDlyCnd(m3/d),CalDlyCnd(m3/d),CumPrdCnd(m3),MonthlyFluid(m3),AvgDlyFluid(m3/d),CalDlyFluid(m3/d),CumPrdFluid(m3),MonInjOil(m3),AvgInjOil(m3/d),CalInjOil(m3/d),CumInjOil(m3),MonInjGas(E3m3),AvgInjGas(E3m3/d),CalInjGas(E3m3/d),CumInjGas(E3m3),MonInjWtr(m3),AvgInjWtr(m3/d),CalInjWtr(m3/d),CumInjWtr(m3),MonInjSlv(E3m3),AvgInjSlv(E3m3/d),CalInjSlv(E3m3/d),CumInjSlv(E3m3),InjHours(hr),PrdHours(hr),Inj/PrdHours(hr),WCT(%),OCT(%),CCT(%),GOR(m3/m3),WGR(m3/E3m3),WOR(m3/m3),CGR(m3/E3m3),NbrofWells,MonInjCO2(E3m3),AvgInjCO2(E3m3/d),CalInjCO2(E3m3/d),CumInjCO2(E3m3),MonthlyCO2(E3m3),AvgDlyCO2(E3m3/d),CalDlyCO2(E3m3/d),CumPrdCO2(E3m3),MonInjSteam(m3),AvgInjSteam(m3/d),CalInjSteam(m3/d),CumInjSteam(m3),MonthlySteam(m3),AvgDlySteam(m3/d),CalDlySteam(m3/d),CumPrdSteam(m3),MonInjAir(E3m3),AvgInjAir(E3m3/d),CalInjAir(E3m3/d),CumInjAir(E3m3),MonInjPolymer(m3),AvgInjPolymer(m3/d),CalInjPolymer(m3/d),CumInjPolymer(m3)
2003-08-01,25591.6,879.56,825.54,1490997.3,59.0,1.9,1.9,4346.2,52339.0,1821.36,1688.35,2246983.3,0,0,0,0,77930.6,2700.92,2513.89,3737980.6,0,0,0,0,0,0,0,0,0,0,0,0,0,0,0,0,9945,15909,25854,67.16,32.84,0,2.31,887.1,2.05,0,48,0,0,0,0,0,0,0,0,48736.8,1802.47,1572.15,1316215.7,0,0,0,0,0,0,0,0,0,0,0,0
2003-09-01,23279.2,825.37,775.97,1514276.5,37.3,1.28,1.24,4383.5,68226.3,2627.45,2274.21,2315209.6,0,0,0,0,91505.5,3452.82,3050.18,3829486.1,0,0,0,0,0,0,0,0,0,0,0,0,0,0,0,0,8855,15372,24227,74.56,25.44,0,1.6,1829.12,2.93,0,48,0,0,0,0,0,0,0,0,48805.3,1752.48,1626.84,1365021.0,0,0,0,0,0,0,0,0,0,0,0,0
2003-10-01,30935.3,1028.52,997.91,1545211.8,62.9,2.33,2.03,4446.4,83308.6,2892.41,2687.37,2398518.2,0,0,0,0,114243.9,3920.93,3685.29,3943730.0,0,0,0,0,0,0,0,0,0,0,0,0,0,0,0,0,14076,16583,30659,72.92,27.08,0,2.03,1324.46,2.69,0,48,0,0,0,0,0,0,0,0,68023.5,2202.85,2194.31,1433044.5,0,0,0,0,0,0,0,0,0,0,0,0
2003-11-01,32396.6,1091.47,1079.89,1577608.4,46.4,1.62,1.55,4492.8,77697.7,2670.99,2589.92,2476215.9,0,0,0,0,110094.3,3762.46,3669.81,4053824.3,0,0,0,0,0,0,0,0,0,0,0,0,0,0,0,0,13680,17652,31332,70.57,29.43,0,1.43,1674.52,2.4,0,49,0,0,0,0,0,0,0,0,68150.7,2271.69,2271.69,1501195.2,0,0,0,0,0,0,0,0,0,0,0,0
2003-12-01,29808.8,1045.42,961.57,1607417.2,36.0,1.26,1.16,4528.8,65615.7,2537.24,2116.64,2541831.6,0,0,0,0,95424.5,3582.66,3078.21,4149248.8,0,0,0,0,0,0,0,0,0,0,0,0,0,0,0,0,13008,16211,29219,68.76,31.24,0,1.21,1822.66,2.2,0,49,0,0,0,0,0,0,0,0,72441.8,2551.61,2336.83,1573637.0,0,0,0,0,0,0,0,0,0,0,0,0
2004-01-01,33586.1,1147.92,1083.42,1641003.3,51.8,1.69,1.67,4580.6,66314.4,2311.49,2139.17,2608146.0,0,0,0,0,99900.5,3459.4,3222.6,4249149.3,0,0,0,0,0,0,0,0,0,0,0,0,0,0,0,0,11904,16236,28140,66.38,33.62,0,1.54,1280.2,1.97,0,49,0,0,0,0,0,0,0,0,67432.8,2175.25,2175.25,1641069.8,0,0,0,0,0,0,0,0,0,0,0,0
2004-02-01,31150.9,1112.49,1074.17,1672154.2,678.3,23.97,23.39,5258.9,55792.8,2105.46,1923.89,2663938.8,0,0,0,0,86943.7,3217.95,2998.06,4336093.0,0,0,0,0,0,0,0,0,0,0,0,0,0,0,0,0,11832,14650,26482,64.17,35.83,0,21.77,82.25,1.79,0,49,0,0,0,0,0,0,0,0,66485.9,2292.62,2292.62,1707555.7,0,0,0,0,0,0,0,0,0,0,0,0
2004-03-01,32862.3,1088.01,1060.07,1705016.5,804.5,21.67,25.95,6063.4,60336.9,2078.49,1946.35,2724275.7,0,0,0,0,93199.2,3166.5,3006.43,4429292.2,0,0,0,0,0,0,0,0,0,0,0,0,0,0,0,0,12696,16420,29116,64.74,35.26,0,24.48,75.0,1.84,0,50,0,0,0,0,0,0,0,0,74671.1,2539.29,2408.75,1782226.8,0,0,0,0,0,0,0,0,0,0,0,0
2004-04-01,32481.8,1136.66,1082.73,1737498.3,932.7,33.52,31.09,6996.1,65553.0,2311.23,2185.1,2789828.7,0,0,0,0,98034.8,3447.89,3267.83,4527327.0,0,0,0,0,0,0,0,0,0,0,0,0,0,0,0,0,12336,15184,27520,66.87,33.13,0,28.71,70.28,2.02,0,50,0,0,0,0,0,0,0,0,75784.4,2594.65,2526.15,1858011.2,0,0,0,0,0,0,0,0,0,0,0,0
2004-05-01,34712.4,1295.96,1119.75,1772210.7,946.3,36.55,30.53,7942.4,59033.8,2139.61,1904.32,2848862.5,0,0,0,0,93746.2,3435.57,3024.07,4621073.2,0,0,0,0,0,0,0,0,0,0,0,0,0,0,0,0,12072,16033,28105,62.97,37.03,0,27.26,62.38,1.7,0,50,0,0,0,0,0,0,0,0,81017.0,2645.58,2613.45,1939028.2,0,0,0,0,0,0,0,0,0,0,0,0
2004-06-01,33391.6,1147.29,1113.05,1805602.3,1041.5,35.67,34.72,8983.9,61991.6,2115.49,2066.39,2910854.1,0,0,0,0,95383.2,3262.78,3179.44,4716456.4,0,0,0,0,0,0,0,0,0,0,0,0,0,0,0,0,11928,17233,29161,64.99,35.01,0,31.19,59.52,1.86,0,53,0,0,0,0,0,0,0,0,79706.9,2717.67,2656.9,2018735.1,0,0,0,0,0,0,0,0,0,0,0,0
2004-07-01,31987.9,1075.61,1031.87,1837590.2,1119.0,37.5,36.1,10102.9,71270.6,2461.95,2299.05,2982124.7,0,0,0,0,103258.5,3537.56,3330.92,4819714.9,0,0,0,0,0,0,0,0,0,0,0,0,0,0,0,0,15480,19866,35346,69.02,30.98,0,34.98,63.69,2.23,0,56,0,0,0,0,0,0,0,0,80620.0,2621.93,2600.65,2099355.1,0,0,0,0,0,0,0,0,0,0,0,0
2004-08-01,33147.4,1119.19,1069.27,1870737.6,1105.9,36.72,35.67,11208.8,74211.6,2536.17,2393.92,3056336.3,0,0,0,0,107359.0,3655.36,3463.19,4927073.9,0,0,0,0,0,0,0,0,0,0,0,0,0,0,0,0,16344,19889,36233,69.12,30.88,0,33.36,67.11,2.24,0,56,0,0,0,0,0,0,0,0,78606.9,2538.85,2535.71,2177962.0,0,0,0,0,0,0,0,0,0,0,0,0
2004-09-01,35407.5,1209.97,1180.25,1906145.1,1235.9,42.35,41.2,12444.7,70088.8,2428.55,2336.29,3126425.1,0,0,0,0,105496.3,3638.52,3516.54,5032570.2,0,0,0,0,0,0,0,0,0,0,0,0,0,0,0,0,15840,19193,35033,66.44,33.56,0,34.91,56.71,1.98,0,56,0,0,0,0,0,0,0,0,83334.9,2777.83,2777.83,2261296.9,0,0,0,0,0,0,0,0,0,0,0,0
2004-10-01,34408.6,1144.71,1109.95,1940553.7,1145.2,37.27,36.94,13589.9,60404.9,2102.91,1948.55,3186830.0,0,0,0,0,94813.5,3247.62,3058.5,5127383.7,0,0,0,0,0,0,0,0,0,0,0,0,0,0,0,0,16368,19629,35997,63.71,36.29,0,33.28,52.75,1.76,0,56,0,0,0,0,0,0,0,0,80849.0,2608.03,2608.03,2342145.9,0,0,0,0,0,0,0,0,0,0,0,0
2004-11-01,34045.1,1195.42,1134.84,1974598.8,935.9,34.64,31.2,14525.8,68564.9,2458.42,2285.5,3255394.9,0,0,0,0,102610.0,3653.85,3420.33,5229993.7,0,0,0,0,0,0,0,0,0,0,0,0,0,0,0,0,13613,18236,31849,66.82,33.18,0,27.49,73.26,2.01,0,57,0,0,0,0,0,0,0,0,86141.0,2885.68,2871.37,2428286.9,0,0,0,0,0,0,0,0,0,0,0,0
2004-12-01,36969.0,1799.49,1192.55,2011567.8,989.8,32.48,31.93,15515.6,78202.4,4164.91,2522.66,3333597.3,0,0,0,0,115171.4,5964.4,3715.21,5345165.1,0,0,0,0,0,0,0,0,0,0,0,0,0,0,0,0,14688,18908,33596,67.9,32.1,0,26.77,79.01,2.12,0,57,0,0,0,0,0,0,0,0,96515.3,3136.14,3113.4,2524802.2,0,0,0,0,0,0,0,0,0,0,0,0
2005-01-01,38249.6,1272.16,1233.86,2049817.4,1406.2,46.37,45.36,16921.8,83446.0,2769.44,2691.81,3417043.3,0,0,0,0,121695.6,4041.61,3925.66,5466860.7,0,0,0,0,0,0,0,0,0,0,0,0,0,0,0,0,14879,18529,33408,68.57,31.43,0,36.76,59.34,2.18,0,57,0,0,0,0,0,0,0,0,94617.6,3052.42,3052.18,2619419.8,0,0,0,0,0,0,0,0,0,0,0,0
2005-02-01,34307.4,1261.43,1225.26,2084124.8,1090.8,40.03,38.96,18012.6,69415.6,2622.55,2479.13,3486458.9,0,0,0,0,103723.0,3883.99,3704.39,5570583.7,0,0,0,0,0,0,0,0,0,0,0,0,0,0,0,0,14020,15728,29748,66.92,33.08,0,31.79,63.64,2.02,0,57,0,0,0,0,0,0,0,0,91740.4,3311.49,3276.44,2711160.2,0,0,0,0,0,0,0,0,0,0,0,0
2005-03-01,37089.6,1230.12,1196.44,2121214.4,1189.9,39.38,38.38,19202.5,84231.7,2766.63,2717.15,3570690.6,0,0,0,0,121321.3,3996.74,3913.59,5691905.0,0,0,0,0,0,0,0,0,0,0,0,0,0,0,0,0,16344,16274,32618,69.43,30.57,0,32.08,70.79,2.27,0,58,0,0,0,0,0,0,0,0,108429.1,3498.86,3497.71,2819589.3,0,0,0,0,0,0,0,0,0,0,0,0
2005-04-01,33358.8,1189.16,1111.96,2154573.2,1122.5,39.74,37.42,20325.0,81107.0,2968.01,2703.57,3651797.6,0,0,0,0,114465.8,4157.16,3815.53,5806370.8,0,0,0,0,0,0,0,0,0,0,0,0,0,0,0,0,15499,15564,31063,70.86,29.14,0,33.65,72.26,2.43,0,58,0,0,0,0,0,0,0,0,92422.5,3329.49,3080.75,2912011.8,0,0,0,0,0,0,0,0,0,0,0,0
2005-05-01,35098.1,1188.78,1132.2,2189671.3,1151.7,38.9,37.15,21476.7,118387.7,4213.08,3818.96,3770185.3,0,0,0,0,153485.8,5401.86,4951.15,5959856.6,0,0,0,0,0,0,0,0,0,0,0,0,0,0,0,0,15720,19187,34907,77.13,22.87,0,32.81,102.79,3.37,0,58,0,0,0,0,0,0,0,0,98371.2,3400.37,3173.26,3010383.0,0,0,0,0,0,0,0,0,0,0,0,0
2005-06-01,33340.0,1227.93,1111.33,2223011.3,1315.4,46.53,43.85,22792.1,91976.8,3780.43,3065.89,3862162.1,0,0,0,0,125316.8,5008.36,4177.23,6085173.4,0,0,0,0,0,0,0,0,0,0,0,0,0,0,0,0,14424,19289,33713,73.4,26.6,0,39.45,69.92,2.76,0,58,0,0,0,0,0,0,0,0,93723.7,3325.62,3124.12,3104106.7,0,0,0,0,0,0,0,0,0,0,0,0
2005-07-01,33848.9,1162.25,1091.9,2256860.2,1053.0,36.23,33.97,23845.1,88752.1,3073.68,2862.97,3950914.2,0,0,0,0,122601.0,4235.94,3954.87,6207774.4,0,0,0,0,0,0,0,0,0,0,0,0,0,0,0,0,14136,20329,34465,72.39,27.61,0,31.11,84.28,2.62,0,56,0,0,0,0,0,0,0,0,89016.8,2871.51,2871.51,3193123.5,0,0,0,0,0,0,0,0,0,0,0,0
2005-08-01,39575.0,1309.12,1276.61,2296435.2,1172.5,38.82,37.82,25017.6,87701.3,2988.71,2829.07,4038615.5,0,0,0,0,127276.3,4297.83,4105.69,6335050.7,0,0,0,0,0,0,0,0,0,0,0,0,0,0,0,0,14136,19889,34025,68.91,31.09,0,29.63,74.8,2.22,0,56,0,0,0,0,0,0,0,0,83967.6,2708.63,2708.63,3277091.1,0,0,0,0,0,0,0,0,0,0,0,0
2005-09-01,37042.7,1302.51,1234.76,2333477.9,846.6,29.7,28.22,25864.2,73687.9,2699.39,2456.26,4112303.4,0,0,0,0,110730.6,4001.9,3691.02,6445781.3,0,0,0,0,0,0,0,0,0,0,0,0,0,0,0,0,14022,18079,32101,66.55,33.45,0,22.85,87.04,1.99,0,56,0,0,0,0,0,0,0,0,94507.5,3211.63,3150.25,3371598.6,0,0,0,0,0,0,0,0,0,0,0,0
2005-10-01,38238.4,1313.85,1233.5,2371716.3,932.7,30.87,30.09,26796.9,97311.3,3457.01,3139.07,4209614.7,0,0,0,0,135549.7,4770.87,4372.57,6581331.0,0,0,0,0,0,0,0,0,0,0,0,0,0,0,0,0,15618,19122,34740,71.79,28.21,0,24.39,104.33,2.54,0,61,0,0,0,0,0,0,0,0,103662.9,3830.71,3343.96,3475261.5,0,0,0,0,0,0,0,0,0,0,0,0
2005-11-01,35399.5,1222.86,1179.98,2407115.8,963.1,32.68,32.1,27760.0,103070.5,3603.3,3435.68,4312685.2,0,0,0,0,138470.0,4826.16,4615.67,6719801.0,0,0,0,0,0,0,0,0,0,0,0,0,0,0,0,0,15672,20644,36316,74.44,25.56,0,27.21,107.02,2.91,0,62,0,0,0,0,0,0,0,0,107816.5,3776.23,3593.88,3583078.0,0,0,0,0,0,0,0,0,0,0,0,0
2005-12-01,38187.0,1328.2,1231.84,2445302.8,1344.6,44.7,43.37,29104.6,102677.2,3552.39,3312.17,4415362.4,0,0,0,0,140864.2,4880.59,4544.01,6860665.2,0,0,0,0,0,0,0,0,0,0,0,0,0,0,0,0,16656,22409,39065,72.89,27.11,0,35.21,76.36,2.69,0,64,0,0,0,0,0,0,0,0,110342.5,3787.44,3559.44,3693420.5,0,0,0,0,0,0,0,0,0,0,0,0
2006-01-01,40882.3,1366.56,1318.78,2486185.1,1109.3,36.8,35.78,30213.9,105520.5,3550.76,3403.89,4520882.9,0,0,0,0,146402.8,4917.32,4722.67,7007068.0,0,0,0,0,0,0,0,0,0,0,0,0,0,0,0,0,18720,24085,42805,72.08,27.92,0,27.13,95.12,2.58,0,66,0,0,0,0,0,0,0,0,124528.6,4270.23,4017.05,3817949.1,0,0,0,0,0,0,0,0,0,0,0,0
2006-02-01,36507.9,1305.58,1303.85,2522693.0,1088.3,38.9,38.87,31302.2,107775.6,3861.06,3849.13,4628658.5,0,0,0,0,144283.5,5166.64,5152.98,7151351.5,0,0,0,0,0,0,0,0,0,0,0,0,0,0,0,0,18000,22059,40059,74.7,25.3,0,29.81,99.03,2.95,0,67,0,0,0,0,0,0,0,0,116860.7,4272.51,4173.6,3934809.8,0,0,0,0,0,0,0,0,0,0,0,0
2006-03-01,43979.5,1479.75,1418.69,2566672.5,1376.5,45.17,44.4,32678.7,117463.5,3988.93,3789.15,4746122.0,0,0,0,0,161443.0,5468.68,5207.84,7312794.5,0,0,0,0,0,0,0,0,0,0,0,0,0,0,0,0,19284,24007,43291,72.76,27.24,0,31.3,85.33,2.67,0,67,0,0,0,0,0,0,0,0,133113.7,4447.13,4293.99,4067923.5,0,0,0,0,0,0,0,0,0,0,0,0
2006-04-01,39138.4,1324.31,1304.61,2605810.9,1128.6,38.2,37.62,33807.3,118358.6,3990.38,3945.29,4864480.6,0,0,0,0,157497.0,5314.69,5249.9,7470291.5,0,0,0,0,0,0,0,0,0,0,0,0,0,0,0,0,19858,24706,44564,75.15,24.85,0,28.84,104.87,3.02,0,67,0,0,0,0,0,0,0,0,135318.7,5117.09,4510.62,4203242.2,0,0,0,0,0,0,0,0,0,0,0,0
2006-05-01,38894.5,1301.46,1254.66,2644705.4,1285.1,42.77,41.45,35092.4,132135.2,7949.7,4262.43,4996615.8,0,0,0,0,171029.7,9251.16,5517.09,7641321.2,0,0,0,0,0,0,0,0,0,0,0,0,0,0,0,0,18959,23545,42504,77.26,22.74,0,33.04,102.82,3.4,0,67,0,0,0,0,0,0,0,0,126502.7,4321.28,4080.73,4329744.9,0,0,0,0,0,0,0,0,0,0,0,0
2006-06-01,37332.8,1507.92,1244.43,2682038.2,982.5,39.28,32.75,36074.9,116574.0,4737.94,3885.8,5113189.8,0,0,0,0,153906.8,6245.86,5130.23,7795228.0,0,0,0,0,0,0,0,0,0,0,0,0,0,0,0,0,17247,22922,40169,75.74,24.26,0,26.32,118.65,3.12,0,67,0,0,0,0,0,0,0,0,120842.6,4233.14,4028.09,4450587.5,0,0,0,0,0,0,0,0,0,0,0,0
2006-07-01,42719.1,1441.73,1378.04,2724757.3,1101.6,36.97,35.54,37176.5,119024.7,4047.61,3839.51,5232214.5,0,0,0,0,161743.8,5489.34,5217.54,7956971.8,0,0,0,0,0,0,0,0,0,0,0,0,0,0,0,0,17736,29028,46764,73.59,26.41,0,25.79,108.05,2.79,0,68,0,0,0,0,0,0,0,0,128368.1,4367.28,4140.91,4578955.6,0,0,0,0,0,0,0,0,0,0,0,0
2006-08-01,37435.3,1292.08,1207.59,2762192.6,1040.6,35.8,33.57,38217.1,142014.1,4944.68,4581.1,5374228.6,0,0,0,0,179449.4,6236.77,5788.69,8136421.2,0,0,0,0,0,0,0,0,0,0,0,0,0,0,0,0,18054,29699,47753,79.14,20.86,0,27.8,136.47,3.79,0,71,0,0,0,0,0,0,0,0,135168.6,4447.68,4360.28,4714124.2,0,0,0,0,0,0,0,0,0,0,0,0
2006-09-01,37876.7,1296.86,1262.56,2800069.3,1043.3,35.55,34.78,39260.4,111308.5,3888.93,3710.28,5485537.1,0,0,0,0,149185.2,5185.79,4972.84,8285606.4,0,0,0,0,0,0,0,0,0,0,0,0,0,0,0,0,16920,28670,45590,74.61,25.39,0,27.54,106.69,2.94,0,69,0,0,0,0,0,0,0,0,114212.2,4287.34,3807.07,4828336.4,0,0,0,0,0,0,0,0,0,0,0,0
2006-10-01,32526.1,1085.7,1049.23,2832595.4,1001.0,33.24,32.29,40261.4,131695.0,4883.16,4248.23,5617232.1,0,0,0,0,164221.1,5968.86,5297.45,8449827.5,0,0,0,0,0,0,0,0,0,0,0,0,0,0,0,0,18576,29539,48115,80.19,19.81,0,30.78,131.56,4.05,0,70,0,0,0,0,0,0,0,0,112418.5,8656.32,3626.4,4940754.9,0,0,0,0,0,0,0,0,0,0,0,0
2006-11-01,31974.7,1106.98,1065.82,2864570.1,1217.6,41.8,40.59,41479.0,128056.0,4656.5,4268.53,5745288.1,0,0,0,0,160030.7,5763.48,5334.36,8609858.2,0,0,0,0,0,0,0,0,0,0,0,0,0,0,0,0,18600,26055,44655,80.02,19.98,0,38.08,105.17,4.0,0,69,0,0,0,0,0,0,0,0,109388.4,3675.61,3646.28,5050143.3,0,0,0,0,0,0,0,0,0,0,0,0
2006-12-01,31610.8,1062.77,1019.7,2896180.9,1351.2,45.38,43.59,42830.2,145553.5,5046.21,4695.27,5890841.6,0,0,0,0,177164.3,6108.98,5714.98,8787022.5,0,0,0,0,0,0,0,0,0,0,0,0,0,0,0,0,20088,26364,46452,82.16,17.84,0,42.74,107.72,4.6,0,68,0,0,0,0,0,0,0,0,139548.8,4501.57,4501.57,5189692.1,0,0,0,0,0,0,0,0,0,0,0,0
2007-01-01,30802.1,1019.34,993.62,2926983.0,1129.1,37.36,36.42,43959.3,129649.8,4370.2,4182.25,6020491.4,0,0,0,0,160451.9,5389.53,5175.87,8947474.4,0,0,0,0,0,0,0,0,0,0,0,0,0,0,0,0,19920,25776,45696,80.8,19.2,0,36.66,114.83,4.21,0,68,0,0,0,0,0,0,0,0,144448.5,4688.79,4659.63,5334140.6,0,0,0,0,0,0,0,0,0,0,0,0
2007-02-01,26845.7,995.35,958.78,2953828.7,830.8,30.65,29.67,44790.1,116355.0,4331.05,4155.54,6136846.4,0,0,0,0,143200.7,5326.4,5114.31,9090675.1,0,0,0,0,0,0,0,0,0,0,0,0,0,0,0,0,18404,23711,42115,81.25,18.75,0,30.95,140.05,4.33,0,69,0,0,0,0,0,0,0,0,120620.6,4337.65,4307.88,5454761.2,0,0,0,0,0,0,0,0,0,0,0,0
2007-03-01,33427.8,1154.56,1078.32,2987256.5,1018.5,34.48,32.85,45808.6,122641.1,4209.48,3956.16,6259487.5,0,0,0,0,156068.9,5364.04,5034.48,9246744.0,0,0,0,0,0,0,0,0,0,0,0,0,0,0,0,0,21517,26611,48128,78.58,21.42,0,30.47,120.41,3.67,0,71,0,0,0,0,0,0,0,0,135138.1,4454.44,4359.29,5589899.3,0,0,0,0,0,0,0,0,0,0,0,0
2007-04-01,32982.8,1128.76,1099.43,3020239.3,1052.7,35.79,35.09,46861.3,140302.1,4795.43,4676.74,6399789.6,0,0,0,0,173284.9,5924.2,5776.16,9420028.9,0,0,0,0,0,0,0,0,0,0,0,0,0,0,0,0,20616,25193,45809,80.97,19.03,0,31.92,133.28,4.25,0,71,0,0,0,0,0,0,0,0,141540.2,4867.7,4718.01,5731439.5,0,0,0,0,0,0,0,0,0,0,0,0
2007-05-01,34135.8,1180.14,1101.15,3054375.1,1216.9,41.08,39.25,48078.2,133232.7,4524.08,4297.83,6533022.3,0,0,0,0,167368.5,5704.22,5398.98,9587397.4,0,0,0,0,0,0,0,0,0,0,0,0,0,0,0,0,22320,25963,48283,79.6,20.4,0,35.65,109.49,3.9,0,73,0,0,0,0,0,0,0,0,121734.5,3926.92,3926.92,5853174.0,0,0,0,0,0,0,0,0,0,0,0,0
2007-06-01,34238.0,1172.63,1141.27,3088613.1,1213.9,41.49,40.46,49292.1,132379.4,4476.23,4412.65,6665401.7,0,0,0,0,166617.4,5648.86,5553.91,9754014.8,0,0,0,0,0,0,0,0,0,0,0,0,0,0,0,0,20520,25874,46394,79.45,20.55,0,35.45,109.05,3.87,0,73,0,0,0,0,0,0,0,0,110714.9,3768.3,3690.5,5963888.9,0,0,0,0,0,0,0,0,0,0,0,0
2007-07-01,36570.6,1240.41,1179.7,3125183.7,1257.7,42.41,40.57,50549.8,131491.1,4487.82,4241.65,6796892.8,0,0,0,0,168061.7,5728.23,5421.35,9922076.5,0,0,0,0,0,0,0,0,0,0,0,0,0,0,0,0,18744,28577,47321,78.24,21.76,0,34.39,104.55,3.6,0,73,0,0,0,0,0,0,0,0,113534.3,3795.24,3662.4,6077423.2,0,0,0,0,0,0,0,0,0,0,0,0
2007-08-01,37908.9,1261.37,1222.87,3163092.6,1137.6,38.01,36.7,51687.4,119742.5,4075.5,3862.66,6916635.3,0,0,0,0,157651.4,5336.87,5085.53,10079727.9,0,0,0,0,0,0,0,0,0,0,0,0,0,0,0,0,19992,29934,49926,75.95,24.05,0,30.01,105.26,3.16,0,72,0,0,0,0,0,0,0,0,116840.3,3793.86,3769.04,6194263.5,0,0,0,0,0,0,0,0,0,0,0,0
2007-09-01,39243.8,1350.45,1308.13,3202336.4,1069.6,39.58,35.65,52757.0,138838.4,4772.15,4627.95,7055473.7,0,0,0,0,178082.2,6122.6,5936.07,10257810.1,0,0,0,0,0,0,0,0,0,0,0,0,0,0,0,0,19380,29240,48620,77.96,22.04,0,27.26,129.8,3.54,0,72,0,0,0,0,0,0,0,0,107237.3,3586.87,3574.58,6301500.8,0,0,0,0,0,0,0,0,0,0,0,0
2007-10-01,40785.3,1347.05,1315.65,3243121.7,1110.5,37.02,35.82,53867.5,117798.4,3916.0,3799.95,7173272.1,0,0,0,0,158583.7,5263.04,5115.6,10416393.8,0,0,0,0,0,0,0,0,0,0,0,0,0,0,0,0,20088,29709,49797,74.28,25.72,0,27.23,106.08,2.89,0,72,0,0,0,0,0,0,0,0,111521.1,3597.45,3597.45,6413021.9,0,0,0,0,0,0,0,0,0,0,0,0
2007-11-01,37076.5,1256.21,1235.88,3280198.2,1162.2,39.26,38.74,55029.7,123389.0,4189.33,4112.97,7296661.1,0,0,0,0,160465.5,5445.54,5348.85,10576859.3,0,0,0,0,0,0,0,0,0,0,0,0,0,0,0,0,19344,28897,48241,76.89,23.11,0,31.35,106.17,3.33,0,72,0,0,0,0,0,0,0,0,104431.7,3504.55,3481.06,6517453.6,0,0,0,0,0,0,0,0,0,0,0,0
2007-12-01,38545.6,1271.44,1243.41,3318743.8,1426.4,46.63,46.01,56456.1,138617.1,4580.6,4471.52,7435278.2,0,0,0,0,177162.7,5852.05,5714.93,10754022.0,0,0,0,0,0,0,0,0,0,0,0,0,0,0,0,0,20020,30252,50272,78.24,21.76,0,37.01,97.18,3.6,0,71,0,0,0,0,0,0,0,0,109606.4,3561.01,3535.69,6627060.0,0,0,0,0,0,0,0,0,0,0,0,0
2008-01-01,37011.8,1253.48,1193.93,3355755.6,1396.3,47.09,45.04,57852.4,137695.1,4740.08,4441.78,7572973.3,0,0,0,0,174706.9,5993.56,5635.71,10928728.9,0,0,0,0,0,0,0,0,0,0,0,0,0,0,0,0,20064,29061,49125,78.81,21.19,0,37.73,98.61,3.72,0,70,0,0,0,0,0,0,0,0,112057.9,3617.75,3614.77,6739117.9,0,0,0,0,0,0,0,0,0,0,0,0
2008-02-01,34170.5,1192.08,1178.29,3389926.1,839.9,29.94,28.96,58692.3,123681.9,4330.98,4264.89,7696655.2,0,0,0,0,157852.4,5523.06,5443.19,11086581.3,0,0,0,0,0,0,0,0,0,0,0,0,0,0,0,0,18094,27374,45468,78.35,21.65,0,24.58,147.26,3.62,0,70,0,0,0,0,0,0,0,0,100686.4,3472.41,3471.94,6839804.3,0,0,0,0,0,0,0,0,0,0,0,0
2008-03-01,36717.0,1232.52,1184.42,3426643.1,1124.1,37.54,36.26,59816.4,119775.3,4237.19,3863.72,7816430.5,0,0,0,0,156492.3,5469.72,5048.14,11243073.6,0,0,0,0,0,0,0,0,0,0,0,0,0,0,0,0,19332,26952,46284,76.54,23.46,0,30.62,106.55,3.26,0,70,0,0,0,0,0,0,0,0,115654.6,3734.84,3730.79,6955458.9,0,0,0,0,0,0,0,0,0,0,0,0
2008-04-01,33567.8,1214.16,1118.93,3460210.9,1273.3,45.64,42.44,61089.7,107506.4,3947.3,3583.55,7923936.9,0,0,0,0,141074.2,5161.46,4702.47,11384147.8,0,0,0,0,0,0,0,0,0,0,0,0,0,0,0,0,18840,24977,43817,76.21,23.79,0,37.93,84.43,3.2,0,69,0,0,0,0,0,0,0,0,108045.0,3628.4,3601.5,7063503.9,0,0,0,0,0,0,0,0,0,0,0,0
2008-05-01,36124.9,1210.08,1165.32,3496335.8,1092.3,36.8,35.24,62182.0,123358.2,4187.77,3979.3,8047295.1,0,0,0,0,159483.1,5397.85,5144.62,11543630.9,0,0,0,0,0,0,0,0,0,0,0,0,0,0,0,0,19237,26751,45988,77.35,22.65,0,30.24,112.93,3.41,0,69,0,0,0,0,0,0,0,0,108303.2,3584.92,3493.65,7171807.1,0,0,0,0,0,0,0,0,0,0,0,0
2008-06-01,34159.2,1196.75,1138.64,3530495.0,1104.2,38.38,36.81,63286.2,118962.7,4215.75,3965.42,8166257.8,0,0,0,0,153121.9,5412.5,5104.06,11696752.8,0,0,0,0,0,0,0,0,0,0,0,0,0,0,0,0,17536,25492,43028,77.69,22.31,0,32.33,107.74,3.48,0,68,0,0,0,0,0,0,0,0,95634.5,3403.83,3187.82,7267441.6,0,0,0,0,0,0,0,0,0,0,0,0
2008-07-01,36780.7,1235.96,1186.47,3567275.7,1234.6,41.07,39.83,64520.8,124981.7,4740.67,4031.67,8291239.5,0,0,0,0,161762.4,5976.63,5218.14,11858515.2,0,0,0,0,0,0,0,0,0,0,0,0,0,0,0,0,18812,25669,44481,77.26,22.74,0,33.57,101.23,3.4,0,68,0,0,0,0,0,0,0,0,104343.1,3557.91,3365.91,7371784.7,0,0,0,0,0,0,0,0,0,0,0,0
2008-08-01,36224.1,1194.15,1168.52,3603499.8,1038.2,34.03,33.49,65559.0,126857.5,4242.74,4092.18,8418097.0,0,0,0,0,163081.6,5436.89,5260.7,12021596.8,0,0,0,0,0,0,0,0,0,0,0,0,0,0,0,0,19656,28018,47674,77.79,22.21,0,28.66,122.19,3.5,0,69,0,0,0,0,0,0,0,0,109166.1,3582.05,3521.49,7480950.8,0,0,0,0,0,0,0,0,0,0,0,0
2008-09-01,37776.3,1298.28,1259.21,3641276.1,1236.7,42.35,41.22,66795.7,121938.6,4267.71,4064.62,8540035.6,0,0,0,0,159714.9,5565.98,5323.83,12181311.7,0,0,0,0,0,0,0,0,0,0,0,0,0,0,0,0,18560,27666,46226,76.35,23.65,0,32.74,98.6,3.23,0,70,0,0,0,0,0,0,0,0,114270.4,3874.68,3809.01,7595221.2,0,0,0,0,0,0,0,0,0,0,0,0
2008-10-01,36601.0,1247.38,1180.68,3677877.1,1132.4,38.42,36.53,67928.1,120373.1,4205.59,3883.0,8660408.7,0,0,0,0,156974.1,5452.98,5063.68,12338285.8,0,0,0,0,0,0,0,0,0,0,0,0,0,0,0,0,20064,27159,47223,76.68,23.32,0,30.94,106.3,3.29,0,71,0,0,0,0,0,0,0,0,126406.3,4082.68,4077.62,7721627.5,0,0,0,0,0,0,0,0,0,0,0,0
2008-11-01,35269.6,1208.76,1175.65,3713146.7,893.1,30.53,29.77,68821.2,117078.3,4041.77,3902.61,8777487.0,0,0,0,0,152347.9,5250.53,5078.26,12490633.7,0,0,0,0,0,0,0,0,0,0,0,0,0,0,0,0,18726,28765,47491,76.85,23.15,0,25.32,131.09,3.32,0,72,0,0,0,0,0,0,0,0,108608.0,3805.93,3620.27,7830235.5,0,0,0,0,0,0,0,0,0,0,0,0
2008-12-01,34988.8,1185.74,1128.67,3748135.5,948.7,32.65,30.6,69769.9,122589.2,4086.28,3954.49,8900076.2,0,0,0,0,157578.0,5272.02,5083.16,12648211.7,0,0,0,0,0,0,0,0,0,0,0,0,0,0,0,0,19344,28915,48259,77.8,22.2,0,27.11,129.22,3.5,0,72,0,0,0,0,0,0,0,0,103593.6,3341.73,3341.73,7933829.1,0,0,0,0,0,0,0,0,0,0,0,0
2009-01-01,33202.2,1132.47,1071.04,3781337.7,856.3,30.67,27.62,70626.2,129666.3,4357.94,4182.78,9029742.5,0,0,0,0,162868.5,5490.42,5253.82,12811080.2,0,0,0,0,0,0,0,0,0,0,0,0,0,0,0,0,19848,26334,46182,79.61,20.39,0,25.79,151.43,3.91,0,72,0,0,0,0,0,0,0,0,101452.6,3308.17,3272.66,8035281.7,0,0,0,0,0,0,0,0,0,0,0,0
2009-02-01,29779.4,1072.14,1063.55,3811117.1,778.8,27.98,27.81,71405.0,121261.4,4365.2,4330.76,9151003.9,0,0,0,0,151040.8,5437.34,5394.31,12962121.0,0,0,0,0,0,0,0,0,0,0,0,0,0,0,0,0,17878,24925,42803,80.28,19.72,0,26.15,155.7,4.07,0,72,0,0,0,0,0,0,0,0,88917.5,3212.75,3175.63,8124199.2,0,0,0,0,0,0,0,0,0,0,0,0
2009-03-01,27785.6,1001.18,896.31,3838902.7,798.9,28.45,25.77,72203.9,116224.1,4251.83,3749.16,9267228.0,0,0,0,0,144009.7,5253.01,4645.47,13106130.7,0,0,0,0,0,0,0,0,0,0,0,0,0,0,0,0,20073,25118,45191,80.71,19.29,0,28.75,145.48,4.18,0,72,0,0,0,0,0,0,0,0,96984.0,3131.11,3128.52,8221183.2,0,0,0,0,0,0,0,0,0,0,0,0
2009-04-01,30206.8,1098.14,1006.89,3869109.5,841.6,30.27,28.05,73045.5,123132.0,4421.46,4104.4,9390360.0,0,0,0,0,153338.8,5519.59,5111.29,13259469.5,0,0,0,0,0,0,0,0,0,0,0,0,0,0,0,0,17303,24788,42091,80.3,19.7,0,27.86,146.31,4.08,0,69,0,0,0,0,0,0,0,0,91970.7,3185.63,3065.69,8313153.9,0,0,0,0,0,0,0,0,0,0,0,0
2009-05-01,35484.3,1154.38,1144.65,3904593.8,969.4,31.58,31.27,74014.9,118975.7,3889.04,3837.93,9509335.7,0,0,0,0,154460.0,5043.42,4982.58,13413929.5,0,0,0,0,0,0,0,0,0,0,0,0,0,0,0,0,18079,26465,44544,77.03,22.97,0,27.32,122.73,3.35,0,69,0,0,0,0,0,0,0,0,101495.4,3394.74,3274.05,8414649.3,0,0,0,0,0,0,0,0,0,0,0,0
2009-06-01,31464.9,1071.3,1048.83,3936058.7,1069.4,36.34,35.65,75084.3,114825.5,3926.17,3827.52,9624161.2,0,0,0,0,146290.4,4997.46,4876.35,13560219.9,0,0,0,0,0,0,0,0,0,0,0,0,0,0,0,0,15812,25719,41531,78.49,21.51,0,33.99,107.37,3.65,0,70,0,0,0,0,0,0,0,0,92719.1,3097.18,3090.64,8507368.4,0,0,0,0,0,0,0,0,0,0,0,0
2009-07-01,33687.5,1099.78,1086.69,3969746.2,994.4,32.43,32.08,76078.7,121052.2,3962.26,3904.91,9745213.4,0,0,0,0,154739.7,5062.04,4991.6,13714959.6,0,0,0,0,0,0,0,0,0,0,0,0,0,0,0,0,16632,26813,43445,78.23,21.77,0,29.52,121.73,3.59,0,74,0,0,0,0,0,0,0,0,100393.1,3791.9,3238.49,8607761.5,0,0,0,0,0,0,0,0,0,0,0,0
2009-08-01,32296.5,1076.89,1041.82,4002042.7,868.9,28.9,28.03,76947.6,132009.5,4424.43,4258.37,9877222.9,0,0,0,0,164306.0,5501.32,5300.19,13879265.6,0,0,0,0,0,0,0,0,0,0,0,0,0,0,0,0,18007,26853,44860,80.34,19.66,0,26.9,151.93,4.09,0,74,0,0,0,0,0,0,0,0,110511.1,4848.48,3564.87,8718272.6,0,0,0,0,0,0,0,0,0,0,0,0
2009-09-01,32260.2,1121.24,1075.34,4034302.9,938.2,32.74,31.27,77885.8,128328.1,4472.05,4277.6,10005551.0,0,0,0,0,160588.3,5593.29,5352.94,14039853.9,0,0,0,0,0,0,0,0,0,0,0,0,0,0,0,0,15951,27183,43134,79.91,20.09,0,29.08,136.78,3.98,0,74,0,0,0,0,0,0,0,0,103085.9,4074.96,3436.2,8821358.5,0,0,0,0,0,0,0,0,0,0,0,0
2009-10-01,31419.5,1044.12,1013.53,4065722.4,1015.0,33.57,32.74,78900.8,127198.0,4175.02,4103.16,10132749.0,0,0,0,0,158617.5,5219.14,5116.69,14198471.4,0,0,0,0,0,0,0,0,0,0,0,0,0,0,0,0,16235,28260,44495,80.19,19.81,0,32.3,125.32,4.05,0,74,0,0,0,0,0,0,0,0,105070.5,3495.77,3389.37,8926429.0,0,0,0,0,0,0,0,0,0,0,0,0
2009-11-01,26070.1,917.5,869.0,4091792.5,1060.9,36.8,35.36,79961.7,119269.4,4129.16,3975.65,10252018.4,0,0,0,0,145339.5,5046.66,4844.65,14343810.9,0,0,0,0,0,0,0,0,0,0,0,0,0,0,0,0,16296,27642,43938,82.06,17.94,0,40.69,112.42,4.57,0,75,0,0,0,0,0,0,0,0,102302.1,3450.88,3410.07,9028731.1,0,0,0,0,0,0,0,0,0,0,0,0
2009-12-01,24362.3,845.1,785.88,4116154.8,1087.3,36.83,35.07,81049.0,120485.8,4218.52,3886.64,10372504.2,0,0,0,0,144848.1,5063.62,4672.52,14488659.0,0,0,0,0,0,0,0,0,0,0,0,0,0,0,0,0,18024,26543,44567,83.18,16.82,0,44.63,110.81,4.95,0,75,0,0,0,0,0,0,0,0,107601.4,3530.81,3471.01,9136332.5,0,0,0,0,0,0,0,0,0,0,0,0
2010-01-01,23852.4,874.23,769.43,4140007.2,1034.8,34.79,33.38,82083.8,133142.0,4623.96,4294.9,10505646.2,0,0,0,0,156994.4,5498.19,5064.34,14645653.4,0,0,0,0,0,0,0,0,0,0,0,0,0,0,0,0,18504,25407,43911,84.81,15.19,0,43.38,128.66,5.58,0,74,0,0,0,0,0,0,0,0,113267.9,3718.65,3653.8,9249600.4,0,0,0,0,0,0,0,0,0,0,0,0
2010-02-01,22663.1,895.62,809.4,4162670.3,554.3,21.59,19.8,82638.1,116409.0,4569.95,4157.46,10622055.2,0,0,0,0,139072.1,5465.57,4966.86,14784725.5,0,0,0,0,0,0,0,0,0,0,0,0,0,0,0,0,16506,22717,39223,83.7,16.3,0,24.46,210.01,5.14,0,73,0,0,0,0,0,0,0,0,94091.8,3453.62,3360.42,9343692.2,0,0,0,0,0,0,0,0,0,0,0,0
2010-03-01,28467.7,956.81,918.31,4191138.0,855.5,28.62,27.6,83493.6,144777.5,4876.17,4670.24,10766832.7,0,0,0,0,173245.2,5832.97,5588.55,14957970.7,0,0,0,0,0,0,0,0,0,0,0,0,0,0,0,0,17544,27018,44562,83.57,16.43,0,30.05,169.23,5.09,0,72,0,0,0,0,0,0,0,0,93070.6,3194.27,3002.28,9436762.8,0,0,0,0,0,0,0,0,0,0,0,0
2010-04-01,26736.9,941.29,891.23,4217874.9,756.2,26.44,25.21,84249.8,135778.0,4771.92,4525.93,10902610.7,0,0,0,0,162514.9,5713.22,5417.16,15120485.6,0,0,0,0,0,0,0,0,0,0,0,0,0,0,0,0,16032,26338,42370,83.55,16.45,0,28.28,179.55,5.08,0,72,0,0,0,0,0,0,0,0,91844.2,3120.45,3061.47,9528607.0,0,0,0,0,0,0,0,0,0,0,0,0
2010-05-01,30897.5,1031.07,996.69,4248772.4,1093.7,36.29,35.28,85343.5,143797.1,4806.85,4638.62,11046407.8,0,0,0,0,174694.6,5837.91,5635.31,15295180.2,0,0,0,0,0,0,0,0,0,0,0,0,0,0,0,0,16368,27250,43618,82.31,17.69,0,35.4,131.48,4.65,0,72,0,0,0,0,0,0,0,0,96371.0,3108.74,3108.74,9624978.0,0,0,0,0,0,0,0,0,0,0,0,0
2010-06-01,26978.8,952.26,899.29,4275751.2,1069.8,37.36,35.66,86413.3,119885.3,4268.73,3996.18,11166293.1,0,0,0,0,146864.1,5220.99,4895.47,15442044.3,0,0,0,0,0,0,0,0,0,0,0,0,0,0,0,0,15686,25151,40837,81.63,18.37,0,39.65,112.06,4.44,0,71,0,0,0,0,0,0,0,0,86117.6,2893.35,2870.59,9711095.6,0,0,0,0,0,0,0,0,0,0,0,0
2010-07-01,28981.1,968.69,934.87,4304732.3,1106.7,36.88,35.7,87520.0,126793.1,4190.43,4090.1,11293086.2,0,0,0,0,155774.2,5159.12,5024.97,15597818.5,0,0,0,0,0,0,0,0,0,0,0,0,0,0,0,0,15768,27885,43653,81.4,18.6,0,38.19,114.57,4.38,0,71,0,0,0,0,0,0,0,0,96182.8,3251.3,3102.67,9807278.4,0,0,0,0,0,0,0,0,0,0,0,0
2010-08-01,27390.7,939.2,883.57,4332123.0,1040.0,35.73,33.55,88560.0,121319.7,4079.37,3913.54,11414405.9,0,0,0,0,148710.4,5018.56,4797.11,15746528.9,0,0,0,0,0,0,0,0,0,0,0,0,0,0,0,0,16944,27815,44759,81.58,18.42,0,37.97,116.65,4.43,0,71,0,0,0,0,0,0,0,0,96562.3,3143.21,3114.91,9903840.7,0,0,0,0,0,0,0,0,0,0,0,0
2010-09-01,26249.4,933.14,874.98,4358372.4,880.3,32.94,29.34,89440.3,114684.0,4047.96,3822.8,11529089.9,0,0,0,0,140933.4,4981.1,4697.78,15887462.3,0,0,0,0,0,0,0,0,0,0,0,0,0,0,0,0,16152,26463,42615,81.37,18.63,0,33.54,130.28,4.37,0,71,0,0,0,0,0,0,0,0,90724.7,3106.9,3024.16,9994565.4,0,0,0,0,0,0,0,0,0,0,0,0
2010-10-01,26757.0,884.39,863.13,4385129.4,858.3,28.23,27.69,90298.6,129607.0,4262.29,4180.87,11658696.9,0,0,0,0,156364.0,5146.67,5044.0,16043826.3,0,0,0,0,0,0,0,0,0,0,0,0,0,0,0,0,16992,28024,45016,82.89,17.11,0,32.08,151.0,4.84,0,71,0,0,0,0,0,0,0,0,93419.7,3027.78,3013.54,10087985.1,0,0,0,0,0,0,0,0,0,0,0,0
2010-11-01,23326.9,831.61,777.56,4408456.3,829.4,29.45,27.65,91128.0,119783.5,4187.73,3992.78,11778480.4,0,0,0,0,143110.4,5019.34,4770.35,16186936.7,0,0,0,0,0,0,0,0,0,0,0,0,0,0,0,0,17340,25068,42408,83.7,16.3,0,35.56,144.42,5.13,0,71,0,0,0,0,0,0,0,0,95118.6,3266.62,3170.62,10183103.7,0,0,0,0,0,0,0,0,0,0,0,0
2010-12-01,24116.8,802.9,777.96,4432573.1,790.5,26.42,25.5,91918.5,126479.7,4249.04,4079.99,11904960.1,0,0,0,0,150596.5,5051.94,4857.95,16337533.2,0,0,0,0,0,0,0,0,0,0,0,0,0,0,0,0,14496,25253,39749,83.99,16.01,0,32.78,160.0,5.24,0,71,0,0,0,0,0,0,0,0,80909.1,3208.27,2609.97,10264012.8,0,0,0,0,0,0,0,0,0,0,0,0
2011-01-01,24775.7,821.13,799.22,4457348.8,883.6,29.05,28.5,92802.1,118661.2,4068.24,3827.78,12023621.3,0,0,0,0,143436.9,4889.37,4627.0,16480970.1,0,0,0,0,0,0,0,0,0,0,0,0,0,0,0,0,18700,24293,42993,82.73,17.27,0,35.66,134.29,4.79,0,71,0,0,0,0,0,0,0,0,110298.9,3675.89,3558.03,10374311.7,0,0,0,0,0,0,0,0,0,0,0,0
2011-02-01,23276.7,867.4,831.31,4480625.5,767.1,28.57,27.4,93569.2,106553.0,4000.72,3805.46,12130174.3,0,0,0,0,129829.7,4868.12,4636.78,16610799.8,0,0,0,0,0,0,0,0,0,0,0,0,0,0,0,0,15840,22939,38779,82.07,17.93,0,32.96,138.9,4.58,0,70,0,0,0,0,0,0,0,0,94190.8,3525.14,3363.96,10468502.5,0,0,0,0,0,0,0,0,0,0,0,0
2011-03-01,27685.9,925.35,893.09,4508311.4,996.8,33.14,32.15,94566.0,126906.9,4228.89,4093.77,12257081.2,0,0,0,0,154592.8,5154.24,4986.86,16765392.6,0,0,0,0,0,0,0,0,0,0,0,0,0,0,0,0,15852,27878,43730,82.09,17.91,0,36.0,127.31,4.58,0,70,0,0,0,0,0,0,0,0,91437.9,3138.42,2949.61,10559940.4,0,0,0,0,0,0,0,0,0,0,0,0
2011-04-01,25888.0,895.48,862.93,4534199.4,1154.8,39.71,38.49,95720.8,140211.8,4891.78,4673.73,12397293.0,0,0,0,0,166099.8,5787.26,5536.66,16931492.4,0,0,0,0,0,0,0,0,0,0,0,0,0,0,0,0,16344,28075,44419,84.41,15.59,0,44.61,121.42,5.42,0,71,0,0,0,0,0,0,0,0,94976.5,3215.46,3165.88,10654916.9,0,0,0,0,0,0,0,0,0,0,0,0
2011-05-01,24039.6,805.38,775.47,4558239.0,952.7,31.76,30.73,96673.5,143309.9,4776.76,4622.9,12540602.9,0,0,0,0,167349.5,5582.15,5398.37,17098841.9,0,0,0,0,0,0,0,0,0,0,0,0,0,0,0,0,17230,29154,46384,85.64,14.36,0,39.63,150.43,5.96,0,71,0,0,0,0,0,0,0,0,100105.7,3672.14,3229.22,10755022.6,0,0,0,0,0,0,0,0,0,0,0,0
2011-06-01,24262.1,878.47,808.74,4582501.1,879.2,31.29,29.31,97552.7,147841.1,5284.06,4928.04,12688444.0,0,0,0,0,172103.2,6162.54,5736.77,17270945.1,0,0,0,0,0,0,0,0,0,0,0,0,0,0,0,0,17784,26703,44487,85.9,14.1,0,36.24,168.15,6.09,0,71,0,0,0,0,0,0,0,0,105333.7,3555.38,3511.12,10860356.3,0,0,0,0,0,0,0,0,0,0,0,0
2011-07-01,23552.2,820.12,759.75,4606053.3,770.9,26.41,24.87,98323.6,136804.0,5182.84,4413.03,12825248.0,0,0,0,0,160356.2,6002.96,5172.78,17431301.3,0,0,0,0,0,0,0,0,0,0,0,0,0,0,0,0,18467,27335,45802,85.31,14.69,0,32.73,177.46,5.81,0,71,0,0,0,0,0,0,0,0,109221.8,3549.22,3523.28,10969578.1,0,0,0,0,0,0,0,0,0,0,0,0
2011-08-01,25121.8,829.82,810.38,4631175.1,850.8,27.89,27.45,99174.4,151986.8,5057.75,4902.8,12977234.8,0,0,0,0,177108.6,5887.57,5713.18,17608409.9,0,0,0,0,0,0,0,0,0,0,0,0,0,0,0,0,18568,28244,46812,85.82,14.18,0,33.87,178.64,6.05,0,70,0,0,0,0,0,0,0,0,109033.7,3524.44,3517.22,11078611.8,0,0,0,0,0,0,0,0,0,0,0,0
2011-09-01,21586.6,762.82,719.55,4652761.7,674.5,23.66,22.48,99848.9,133308.7,4642.01,4443.62,13110543.5,0,0,0,0,154895.3,5404.83,5163.18,17763305.2,0,0,0,0,0,0,0,0,0,0,0,0,0,0,0,0,17775,26404,44179,86.06,13.94,0,31.25,197.64,6.18,0,70,0,0,0,0,0,0,0,0,97430.8,3288.8,3247.69,11176042.6,0,0,0,0,0,0,0,0,0,0,0,0
2011-10-01,21012.1,754.86,677.81,4673773.8,651.5,24.12,21.02,100500.4,126160.0,4976.93,4069.68,13236703.5,0,0,0,0,147172.1,5731.79,4747.49,17910477.3,0,0,0,0,0,0,0,0,0,0,0,0,0,0,0,0,19910,26375,46285,85.72,14.28,0,31.01,193.65,6.0,0,72,0,0,0,0,0,0,0,0,105880.8,3433.19,3415.51,11281923.4,0,0,0,0,0,0,0,0,0,0,0,0
2011-11-01,20859.2,722.18,695.31,4694633.0,739.6,25.38,24.65,101240.0,137193.5,4771.68,4573.12,13373897.0,0,0,0,0,158052.7,5493.86,5268.42,18068530.0,0,0,0,0,0,0,0,0,0,0,0,0,0,0,0,0,19584,27420,47004,86.8,13.2,0,35.46,185.5,6.58,0,73,0,0,0,0,0,0,0,0,103099.9,3544.19,3436.66,11385023.3,0,0,0,0,0,0,0,0,0,0,0,0
2011-12-01,23626.3,828.76,762.14,4718259.3,582.3,20.12,18.78,101822.3,133703.8,4746.42,4313.03,13507600.8,0,0,0,0,157330.1,5575.18,5075.16,18225860.1,0,0,0,0,0,0,0,0,0,0,0,0,0,0,0,0,18864,28725,47589,84.98,15.02,0,24.65,229.61,5.66,0,73,0,0,0,0,0,0,0,0,97454.8,3524.62,3143.7,11482478.1,0,0,0,0,0,0,0,0,0,0,0,0
2012-01-01,21899.9,802.65,706.45,4740159.2,462.2,16.4,14.91,102284.5,127273.2,4725.87,4105.59,13634874.0,0,0,0,0,149173.1,5528.52,4812.04,18375033.2,0,0,0,0,0,0,0,0,0,0,0,0,0,0,0,0,19440,26800,46240,85.32,14.68,0,21.11,275.36,5.81,0,74,0,0,0,0,0,0,0,0,100437.7,3336.92,3239.93,11582915.8,0,0,0,0,0,0,0,0,0,0,0,0
2012-02-01,20589.8,805.34,709.99,4760749.0,623.1,23.94,21.49,102907.6,130596.7,5150.83,4503.33,13765470.7,0,0,0,0,151186.5,5956.17,5213.33,18526219.7,0,0,0,0,0,0,0,0,0,0,0,0,0,0,0,0,18312,24191,42503,86.38,13.62,0,30.26,209.59,6.34,0,77,0,0,0,0,0,0,0,0,85802.5,3643.48,2958.71,11668718.3,0,0,0,0,0,0,0,0,0,0,0,0
2012-03-01,26216.9,899.49,845.71,4786965.9,708.3,24.04,22.85,103615.9,149407.3,5310.92,4819.59,13914878.0,0,0,0,0,175624.2,6210.41,5665.3,18701843.9,0,0,0,0,0,0,0,0,0,0,0,0,0,0,0,0,22608,30272,52880,85.07,14.93,0,27.02,210.94,5.7,0,77,0,0,0,0,0,0,0,0,112474.7,3798.61,3628.22,11781193.0,0,0,0,0,0,0,0,0,0,0,0,0
2012-04-01,28667.9,980.85,955.6,4815633.8,782.3,26.67,26.08,104398.2,146265.0,5185.93,4875.5,14061143.0,0,0,0,0,174932.9,6166.78,5831.1,18876776.8,0,0,0,0,0,0,0,0,0,0,0,0,0,0,0,0,20184,30509,50693,83.61,16.39,0,27.29,186.97,5.1,0,77,0,0,0,0,0,0,0,0,101872.3,3515.87,3395.74,11883065.3,0,0,0,0,0,0,0,0,0,0,0,0
2012-05-01,28955.6,973.56,934.05,4844589.4,732.0,24.64,23.61,105130.2,139917.4,4834.05,4513.46,14201060.4,0,0,0,0,168873.0,5807.61,5447.52,19045649.8,0,0,0,0,0,0,0,0,0,0,0,0,0,0,0,0,20232,31120,51352,82.85,17.15,0,25.28,191.14,4.83,0,77,0,0,0,0,0,0,0,0,109070.5,3610.15,3518.4,11992135.8,0,0,0,0,0,0,0,0,0,0,0,0
2012-06-01,28071.0,1064.39,935.7,4872660.4,815.0,30.65,27.17,105945.2,140901.6,5496.8,4696.72,14341962.0,0,0,0,0,168972.6,6561.18,5632.42,19214622.4,0,0,0,0,0,0,0,0,0,0,0,0,0,0,0,0,19440,30173,49613,83.39,16.61,0,29.03,172.89,5.02,0,82,0,0,0,0,0,0,0,0,97289.9,3353.92,3243.0,12089425.7,0,0,0,0,0,0,0,0,0,0,0,0
2012-07-01,33433.1,1115.68,1078.49,4906093.5,1574.5,52.56,50.79,107519.7,169668.6,5698.82,5473.18,14511630.6,0,0,0,0,203101.7,6814.5,6551.67,19417724.1,0,0,0,0,0,0,0,0,0,0,0,0,0,0,0,0,21628,34350,55978,83.54,16.46,0,47.09,107.76,5.07,0,82,0,0,0,0,0,0,0,0,115087.2,3759.13,3712.49,12204512.9,0,0,0,0,0,0,0,0,0,0,0,0
2012-08-01,36854.5,1226.4,1188.85,4942948.0,1308.9,43.6,42.22,108828.6,168289.1,5660.14,5428.68,14679919.7,0,0,0,0,205143.6,6886.54,6617.54,19622867.7,0,0,0,0,0,0,0,0,0,0,0,0,0,0,0,0,21720,34552,56272,82.03,17.97,0,35.52,128.57,4.57,0,85,0,0,0,0,0,0,0,0,117104.2,3940.41,3777.55,12321617.1,0,0,0,0,0,0,0,0,0,0,0,0
2012-09-01,34342.2,1269.68,1144.74,4977290.2,1281.5,47.44,42.72,110110.1,157255.1,5899.82,5241.84,14837174.8,0,0,0,0,191597.3,7169.5,6386.58,19814465.0,0,0,0,0,0,0,0,0,0,0,0,0,0,0,0,0,22608,32835,55443,82.08,17.92,0,37.32,122.71,4.58,0,86,0,0,0,0,0,0,0,0,111718.2,3916.72,3723.94,12433335.3,0,0,0,0,0,0,0,0,0,0,0,0
2012-10-01,36404.3,1266.26,1174.33,5013694.5,1372.5,46.32,44.27,111482.6,161126.8,5606.63,5197.64,14998301.6,0,0,0,0,197531.1,6872.89,6371.97,20011996.1,0,0,0,0,0,0,0,0,0,0,0,0,0,0,0,0,23472,35371,58843,81.57,18.43,0,37.7,117.4,4.43,0,86,0,0,0,0,0,0,0,0,110370.8,3615.14,3560.35,12543706.1,0,0,0,0,0,0,0,0,0,0,0,0
2012-11-01,35633.2,1283.54,1187.77,5049327.7,1486.2,52.96,49.54,112968.8,146466.0,5325.44,4882.2,15144767.6,0,0,0,0,182099.2,6608.97,6069.97,20194095.3,0,0,0,0,0,0,0,0,0,0,0,0,0,0,0,0,21792,34125,55917,80.43,19.57,0,41.71,98.55,4.11,0,84,0,0,0,0,0,0,0,0,104284.0,3532.22,3476.13,12647990.1,0,0,0,0,0,0,0,0,0,0,0,0
2012-12-01,37339.5,1246.91,1204.5,5086667.2,1428.6,47.49,46.08,114397.4,162486.3,5378.76,5241.49,15307253.9,0,0,0,0,199825.8,6625.68,6445.99,20393921.1,0,0,0,0,0,0,0,0,0,0,0,0,0,0,0,0,24384,36499,60883,81.31,18.69,0,38.26,113.74,4.35,0,87,0,0,0,0,0,0,0,0,111332.2,3680.7,3591.36,12759322.3,0,0,0,0,0,0,0,0,0,0,0,0
2013-01-01,35588.4,1173.23,1148.01,5122255.6,1170.5,38.67,37.76,115567.9,155331.8,5176.46,5010.7,15462585.7,0,0,0,0,190920.2,6349.7,6158.72,20584841.3,0,0,0,0,0,0,0,0,0,0,0,0,0,0,0,0,25608,35864,61472,81.36,18.64,0,32.89,132.71,4.36,0,89,0,0,0,0,0,0,0,0,119096.6,3978.9,3841.83,12878418.9,0,0,0,0,0,0,0,0,0,0,0,0
2013-02-01,33001.6,1224.48,1178.63,5155257.2,1096.0,41.16,39.14,116663.9,140323.2,5294.5,5011.54,15602908.9,0,0,0,0,173324.8,6518.98,6190.17,20758166.1,0,0,0,0,0,0,0,0,0,0,0,0,0,0,0,0,23256,33351,56607,80.96,19.04,0,33.21,128.03,4.25,0,93,0,0,0,0,0,0,0,0,104584.5,3781.95,3735.16,12983003.4,0,0,0,0,0,0,0,0,0,0,0,0
2013-03-01,36633.2,1348.37,1181.72,5191890.4,961.5,34.7,31.02,117625.4,156160.9,5720.6,5037.45,15759069.8,0,0,0,0,192794.1,7068.97,6219.16,20950960.2,0,0,0,0,0,0,0,0,0,0,0,0,0,0,0,0,20256,36158,56414,81.0,19.0,0,26.25,162.41,4.26,0,92,0,0,0,0,0,0,0,0,91905.8,4307.19,2964.7,13074909.2,0,0,0,0,0,0,0,0,0,0,0,0
2013-04-01,42416.4,1446.55,1413.88,5234306.8,1109.6,38.39,36.99,118735.0,175053.3,6062.63,5835.11,15934123.1,0,0,0,0,217469.7,7509.18,7248.99,21168429.9,0,0,0,0,0,0,0,0,0,0,0,0,0,0,0,0,19728,39097,58825,80.5,19.5,0,26.16,157.76,4.13,0,93,0,0,0,0,0,0,0,0,92218.7,3121.07,3073.96,13167127.9,0,0,0,0,0,0,0,0,0,0,0,0
2013-05-01,46115.3,1535.23,1487.59,5280422.1,1376.4,46.95,44.4,120111.4,180629.3,6041.19,5826.75,16114752.4,0,0,0,0,226744.6,7576.42,7314.34,21395174.5,0,0,0,0,0,0,0,0,0,0,0,0,0,0,0,0,18600,38600,57200,79.66,20.34,0,29.85,131.23,3.92,0,94,0,0,0,0,0,0,0,0,99650.8,3277.33,3214.54,13266778.7,0,0,0,0,0,0,0,0,0,0,0,0
2013-06-01,42847.4,1492.92,1428.25,5323269.5,1280.4,45.46,42.68,121391.8,154051.0,5507.48,5135.03,16268803.4,0,0,0,0,196898.4,7000.4,6563.28,21592072.9,0,0,0,0,0,0,0,0,0,0,0,0,0,0,0,0,15840,35991,51831,78.24,21.76,0,29.88,120.31,3.6,0,95,0,0,0,0,0,0,0,0,98112.4,3270.41,3270.41,13364891.1,0,0,0,0,0,0,0,0,0,0,0,0
2013-07-01,38487.7,1339.83,1241.54,5361757.2,1199.1,41.21,38.68,122590.9,140798.6,5018.25,4541.89,16409602.0,0,0,0,0,179286.3,6358.08,5783.43,21771359.2,0,0,0,0,0,0,0,0,0,0,0,0,0,0,0,0,16488,35581,52069,78.53,21.47,0,31.16,117.42,3.66,0,96,0,0,0,0,0,0,0,0,98365.6,3198.25,3173.08,13463256.7,0,0,0,0,0,0,0,0,0,0,0,0
2013-08-01,45035.4,1585.0,1452.75,5406792.6,1284.1,44.65,41.42,123875.0,144601.5,5095.66,4664.56,16554203.5,0,0,0,0,189636.9,6680.66,6117.32,21960996.1,0,0,0,0,0,0,0,0,0,0,0,0,0,0,0,0,17160,36677,53837,76.25,23.75,0,28.51,112.61,3.21,0,97,0,0,0,0,0,0,0,0,89195.9,2946.46,2877.29,13552452.6,0,0,0,0,0,0,0,0,0,0,0,0
2013-09-01,47490.7,1671.08,1583.02,5454283.3,1643.5,57.66,54.78,125518.5,160285.7,5722.97,5342.86,16714489.2,0,0,0,0,207776.4,7394.05,6925.88,22168772.5,0,0,0,0,0,0,0,0,0,0,0,0,0,0,0,0,16416,37752,54168,77.14,22.86,0,34.61,97.53,3.38,0,96,0,0,0,0,0,0,0,0,91623.7,3162.76,3054.12,13644076.3,0,0,0,0,0,0,0,0,0,0,0,0
2013-10-01,45826.9,1581.85,1478.29,5500110.2,1302.2,44.63,42.01,126820.7,161610.9,5804.32,5213.25,16876100.1,0,0,0,0,207437.8,7386.17,6691.54,22376210.3,0,0,0,0,0,0,0,0,0,0,0,0,0,0,0,0,16584,37943,54527,77.91,22.09,0,28.42,124.11,3.53,0,96,0,0,0,0,0,0,0,0,92227.9,3171.59,2975.09,13736304.2,0,0,0,0,0,0,0,0,0,0,0,0
2013-11-01,43190.3,1534.9,1439.68,5543300.5,1228.4,43.28,40.95,128049.1,163836.1,5898.19,5461.2,17039936.2,0,0,0,0,207026.4,7433.1,6900.88,22583236.7,0,0,0,0,0,0,0,0,0,0,0,0,0,0,0,0,15168,36843,52011,79.14,20.86,0,28.44,133.37,3.79,0,96,0,0,0,0,0,0,0,0,90249.6,3285.62,3008.32,13826553.8,0,0,0,0,0,0,0,0,0,0,0,0
2013-12-01,46580.5,1554.21,1502.6,5589881.0,1419.8,47.2,45.8,129468.9,176274.1,5958.85,5686.26,17216210.3,0,0,0,0,222854.6,7513.05,7188.86,22806091.3,0,0,0,0,0,0,0,0,0,0,0,0,0,0,0,0,14880,40018,54898,79.1,20.9,0,30.48,124.15,3.78,0,96,0,0,0,0,0,0,0,0,90270.3,2911.95,2911.95,13916824.1,0,0,0,0,0,0,0,0,0,0,0,0
2014-01-01,47883.2,1590.64,1544.62,5637764.2,1486.4,49.2,47.95,130955.3,173373.7,5779.83,5592.7,17389584.0,0,0,0,0,221256.9,7370.47,7137.32,23027348.2,0,0,0,0,0,0,0,0,0,0,0,0,0,0,0,0,15624,39179,54803,78.36,21.64,0,31.04,116.64,3.62,0,97,0,0,0,0,0,0,0,0,88049.2,2924.12,2840.3,14004873.3,0,0,0,0,0,0,0,0,0,0,0,0
2014-02-01,42751.1,1580.94,1526.83,5680515.3,1173.0,43.25,41.89,132128.3,157131.4,5913.97,5611.84,17546715.4,0,0,0,0,199882.5,7494.91,7138.66,23227230.7,0,0,0,0,0,0,0,0,0,0,0,0,0,0,0,0,13074,34185,47259,78.61,21.39,0,27.44,133.96,3.68,0,95,0,0,0,0,0,0,0,0,81016.3,3096.55,2893.44,14085889.6,0,0,0,0,0,0,0,0,0,0,0,0
2014-03-01,47448.5,1551.0,1530.6,5727963.8,1360.6,44.29,43.89,133488.9,163823.0,5472.43,5284.61,17710538.4,0,0,0,0,211271.5,7023.43,6815.21,23438502.2,0,0,0,0,0,0,0,0,0,0,0,0,0,0,0,0,16608,39931,56539,77.54,22.46,0,28.68,120.4,3.45,0,98,0,0,0,0,0,0,0,0,97694.4,3221.77,3151.43,14183584.0,0,0,0,0,0,0,0,0,0,0,0,0
2014-04-01,43795.2,1537.36,1459.84,5771759.0,1453.1,50.71,48.44,134942.0,149329.3,5375.22,4977.64,17859867.7,0,0,0,0,193124.5,6912.57,6437.48,23631626.7,0,0,0,0,0,0,0,0,0,0,0,0,0,0,0,0,16212,37913,54125,77.32,22.68,0,33.18,102.77,3.41,0,99,0,0,0,0,0,0,0,0,91723.5,3227.57,3057.45,14275307.5,0,0,0,0,0,0,0,0,0,0,0,0
2014-05-01,45650.8,1534.18,1472.61,5817409.8,1579.7,53.3,50.96,136521.7,158187.0,5384.05,5102.81,18018054.7,0,0,0,0,203837.8,6918.23,6575.41,23835464.5,0,0,0,0,0,0,0,0,0,0,0,0,0,0,0,0,17112,39981,57093,77.6,22.4,0,34.6,100.14,3.47,0,99,0,0,0,0,0,0,0,0,87385.9,2818.9,2818.9,14362693.4,0,0,0,0,0,0,0,0,0,0,0,0
2014-06-01,35992.0,1315.32,1199.73,5853401.8,1025.9,36.99,34.2,137547.6,111836.2,4187.46,3727.87,18129890.9,0,0,0,0,147828.2,5502.77,4927.61,23983292.7,0,0,0,0,0,0,0,0,0,0,0,0,0,0,0,0,16560,35706,52266,75.65,24.35,0,28.5,109.01,3.11,0,99,0,0,0,0,0,0,0,0,70648.0,2354.93,2354.93,14433341.4,0,0,0,0,0,0,0,0,0,0,0,0
2014-07-01,44011.5,1465.54,1419.73,5897413.3,1334.7,44.51,43.05,138882.3,161493.2,5514.26,5209.46,18291384.1,0,0,0,0,205504.7,6979.8,6629.18,24188797.4,0,0,0,0,0,0,0,0,0,0,0,0,0,0,0,0,18024,41629,59653,78.58,21.42,0,30.33,121.0,3.67,0,100,0,0,0,0,0,0,0,0,93737.2,3177.21,3023.78,14527078.6,0,0,0,0,0,0,0,0,0,0,0,0
2014-08-01,44408.7,1489.47,1432.54,5941822.0,1337.1,44.54,43.13,140219.4,163918.2,5631.22,5287.68,18455302.3,0,0,0,0,208326.9,7120.69,6720.22,24397124.3,0,0,0,0,0,0,0,0,0,0,0,0,0,0,0,0,18600,42631,61231,78.68,21.32,0,30.11,122.59,3.69,0,103,0,0,0,0,0,0,0,0,89946.5,3100.45,2901.5,14617025.1,0,0,0,0,0,0,0,0,0,0,0,0
2014-09-01,42715.3,1477.63,1423.84,5984537.3,1173.0,40.47,39.1,141392.4,157495.9,5446.07,5249.86,18612798.2,0,0,0,0,200211.2,6923.7,6673.71,24597335.5,0,0,0,0,0,0,0,0,0,0,0,0,0,0,0,0,17187,43539,60726,78.66,21.34,0,27.46,134.27,3.69,0,103,0,0,0,0,0,0,0,0,77671.8,2861.27,2589.06,14694696.9,0,0,0,0,0,0,0,0,0,0,0,0
2014-10-01,42329.6,1398.08,1365.47,6026866.9,1120.5,36.93,36.15,142512.9,155922.5,5202.1,5029.76,18768720.7,0,0,0,0,198252.1,6600.18,6395.23,24795587.6,0,0,0,0,0,0,0,0,0,0,0,0,0,0,0,0,15816,44074,59890,78.65,21.35,0,26.47,139.15,3.68,0,104,0,0,0,0,0,0,0,0,82288.4,2827.2,2654.46,14776985.3,0,0,0,0,0,0,0,0,0,0,0,0
2014-11-01,40072.2,1379.43,1335.74,6066939.1,1095.7,37.65,36.52,143608.6,149827.4,5080.01,4994.25,18918548.1,0,0,0,0,189899.6,6459.44,6329.99,24985487.2,0,0,0,0,0,0,0,0,0,0,0,0,0,0,0,0,16152,42461,58613,78.9,21.1,0,27.34,136.74,3.74,0,104,0,0,0,0,0,0,0,0,86923.0,3117.82,2897.43,14863908.3,0,0,0,0,0,0,0,0,0,0,0,0
2014-12-01,45653.7,1559.04,1472.7,6112592.8,1336.6,45.4,43.12,144945.2,167942.3,5557.45,5417.49,19086490.4,0,0,0,0,213596.0,7116.49,6890.19,25199083.2,0,0,0,0,0,0,0,0,0,0,0,0,0,0,0,0,18648,45318,63966,78.63,21.37,0,29.28,125.65,3.68,0,106,0,0,0,0,0,0,0,0,97553.8,3342.33,3146.9,14961462.1,0,0,0,0,0,0,0,0,0,0,0,0
2015-01-01,46736.7,1565.59,1507.64,6159329.5,1474.5,49.32,47.56,146419.7,179145.0,6015.39,5778.87,19265635.4,0,0,0,0,225881.7,7580.97,7286.51,25424964.9,0,0,0,0,0,0,0,0,0,0,0,0,0,0,0,0,18720,44455,63175,79.31,20.69,0,31.55,121.5,3.83,0,105,0,0,0,0,0,0,0,0,99922.1,3267.61,3223.29,15061384.2,0,0,0,0,0,0,0,0,0,0,0,0
2015-02-01,40816.6,1558.09,1457.74,6200146.1,1198.9,45.54,42.82,147618.6,135803.7,5429.35,4850.13,19401439.1,0,0,0,0,176620.3,6987.44,6307.87,25601585.2,0,0,0,0,0,0,0,0,0,0,0,0,0,0,0,0,17568,34817,52385,76.89,23.11,0,29.37,113.27,3.33,0,103,0,0,0,0,0,0,0,0,92446.1,3372.81,3301.65,15153830.3,0,0,0,0,0,0,0,0,0,0,0,0
2015-03-01,50192.3,1647.19,1619.11,6250338.4,1625.4,53.3,52.43,149244.0,170224.3,5530.77,5491.11,19571663.4,0,0,0,0,220416.6,7177.96,7110.21,25822001.8,0,0,0,0,0,0,0,0,0,0,0,0,0,0,0,0,19344,41529,60873,77.23,22.77,0,32.38,104.73,3.39,0,101,0,0,0,0,0,0,0,0,108983.1,3515.58,3515.58,15262813.4,0,0,0,0,0,0,0,0,0,0,0,0
2015-04-01,47652.7,1605.99,1588.42,6297991.1,1568.2,52.84,52.27,150812.2,168100.5,5877.91,5603.35,19739763.9,0,0,0,0,215753.2,7483.9,7191.77,26037755.0,0,0,0,0,0,0,0,0,0,0,0,0,0,0,0,0,18720,39438,58158,77.91,22.09,0,32.91,107.19,3.53,0,101,0,0,0,0,0,0,0,0,102336.8,3411.23,3411.23,15365150.2,0,0,0,0,0,0,0,0,0,0,0,0
2015-05-01,44777.2,1470.61,1444.43,6342768.3,1517.5,49.82,48.95,152329.7,163937.8,5445.23,5288.32,19903701.7,0,0,0,0,208715.0,6915.84,6732.74,26246470.0,0,0,0,0,0,0,0,0,0,0,0,0,0,0,0,0,19024,40898,59922,78.55,21.45,0,33.89,108.03,3.66,0,101,0,0,0,0,0,0,0,0,106775.4,3502.99,3444.37,15471925.6,0,0,0,0,0,0,0,0,0,0,0,0
2015-06-01,30500.5,1373.97,1016.68,6373268.8,799.1,34.96,26.64,153128.8,114299.1,5402.82,3809.97,20018000.8,0,0,0,0,144799.6,6776.79,4826.65,26391269.6,0,0,0,0,0,0,0,0,0,0,0,0,0,0,0,0,16702,29071,45773,78.94,21.06,0,26.2,143.03,3.75,0,101,0,0,0,0,0,0,0,0,88851.5,3282.5,2961.72,15560777.1,0,0,0,0,0,0,0,0,0,0,0,0
2015-07-01,41752.0,1438.9,1346.84,6415020.8,1258.9,43.43,40.61,154387.7,165371.1,5657.78,5334.55,20183371.9,0,0,0,0,207123.1,7096.68,6681.39,26598392.7,0,0,0,0,0,0,0,0,0,0,0,0,0,0,0,0,19310,37562,56872,79.84,20.16,0,30.15,131.36,3.96,0,101,0,0,0,0,0,0,0,0,108313.1,3749.7,3493.97,15669090.2,0,0,0,0,0,0,0,0,0,0,0,0
2015-08-01,42058.1,1390.46,1356.71,6457078.9,1580.8,52.81,50.99,155968.5,176606.8,6157.05,5696.99,20359978.7,0,0,0,0,218664.9,7547.52,7053.71,26817057.6,0,0,0,0,0,0,0,0,0,0,0,0,0,0,0,0,20011,42088,62099,80.77,19.23,0,37.59,111.72,4.2,0,101,0,0,0,0,0,0,0,0,118618.6,3832.85,3826.41,15787708.8,0,0,0,0,0,0,0,0,0,0,0,0
2015-09-01,42801.8,1449.73,1426.73,6499880.7,1720.7,58.24,57.36,157689.2,182463.4,6571.94,6082.11,20542442.1,0,0,0,0,225265.2,8021.66,7508.84,27042322.8,0,0,0,0,0,0,0,0,0,0,0,0,0,0,0,0,19670,39655,59325,81.0,19.0,0,40.2,106.04,4.26,0,101,0,0,0,0,0,0,0,0,121072.4,4095.33,4035.75,15908781.2,0,0,0,0,0,0,0,0,0,0,0,0
2015-10-01,46065.3,1494.81,1485.98,6545946.0,1772.2,57.53,57.17,159461.4,168998.1,5746.8,5451.55,20711440.2,0,0,0,0,215063.4,7241.61,6937.53,27257386.2,0,0,0,0,0,0,0,0,0,0,0,0,0,0,0,0,19861,39930,59791,78.58,21.42,0,38.47,95.36,3.67,0,97,0,0,0,0,0,0,0,0,122023.5,4126.42,3936.24,16030804.7,0,0,0,0,0,0,0,0,0,0,0,0
2015-11-01,40448.2,1375.11,1348.27,6586394.2,1514.7,51.44,50.49,160976.1,155523.5,5281.79,5184.12,20866963.7,0,0,0,0,195971.7,6656.9,6532.39,27453357.9,0,0,0,0,0,0,0,0,0,0,0,0,0,0,0,0,20138,38246,58384,79.36,20.64,0,37.45,102.68,3.85,0,97,0,0,0,0,0,0,0,0,117709.3,3974.82,3923.64,16148514.0,0,0,0,0,0,0,0,0,0,0,0,0
2015-12-01,40740.9,1336.76,1314.22,6627135.1,1257.6,41.15,40.57,162233.7,160126.1,5311.77,5165.36,21027089.8,0,0,0,0,200867.0,6648.53,6479.58,27654224.9,0,0,0,0,0,0,0,0,0,0,0,0,0,0,0,0,21152,39355,60507,79.72,20.28,0,30.87,127.33,3.93,0,96,0,0,0,0,0,0,0,0,122957.7,4023.45,3966.38,16271471.7,0,0,0,0,0,0,0,0,0,0,0,0
2016-01-01,42133.7,1376.79,1359.15,6669268.8,1584.1,51.76,51.1,163817.8,166151.4,5534.03,5359.72,21193241.2,0,0,0,0,208285.1,6910.82,6718.87,27862510.0,0,0,0,0,0,0,0,0,0,0,0,0,0,0,0,0,21178,40720,61898,79.77,20.23,0,37.6,104.89,3.94,0,96,0,0,0,0,0,0,0,0,123887.6,4419.35,3996.37,16395359.3,0,0,0,0,0,0,0,0,0,0,0,0
2016-02-01,39686.4,1396.14,1368.5,6708955.2,1580.8,55.82,54.51,165398.6,164862.8,5860.58,5684.92,21358104.0,0,0,0,0,204549.2,7256.72,7053.42,28067059.2,0,0,0,0,0,0,0,0,0,0,0,0,0,0,0,0,19056,37467,56523,80.6,19.4,0,39.83,104.29,4.15,0,95,0,0,0,0,0,0,0,0,108597.2,3869.78,3744.73,16503956.5,0,0,0,0,0,0,0,0,0,0,0,0
2016-03-01,42355.0,1385.0,1366.29,6751310.2,1658.9,54.21,53.51,167057.5,184034.7,6033.97,5936.6,21542138.7,0,0,0,0,226389.7,7418.97,7302.89,28293448.9,0,0,0,0,0,0,0,0,0,0,0,0,0,0,0,0,19652,40294,59946,81.29,18.71,0,39.17,110.94,4.35,0,95,0,0,0,0,0,0,0,0,121224.5,3945.75,3910.47,16625181.0,0,0,0,0,0,0,0,0,0,0,0,0
2016-04-01,41509.6,1396.56,1383.65,6792819.8,1296.7,43.63,43.22,168354.2,177882.0,6122.49,5929.4,21720020.7,0,0,0,0,219391.6,7519.06,7313.05,28512840.5,0,0,0,0,0,0,0,0,0,0,0,0,0,0,0,0,18585,38201,56786,81.08,18.92,0,31.24,137.18,4.29,0,94,0,0,0,0,0,0,0,0,118153.2,3971.27,3938.44,16743334.2,0,0,0,0,0,0,0,0,0,0,0,0
2016-05-01,41723.5,1363.31,1345.92,6834543.3,1310.9,42.84,42.29,169665.1,185935.2,6192.09,5997.91,21905955.9,0,0,0,0,227658.7,7555.4,7343.83,28740499.2,0,0,0,0,0,0,0,0,0,0,0,0,0,0,0,0,19344,40844,60188,81.67,18.33,0,31.42,141.84,4.46,0,93,0,0,0,0,0,0,0,0,111396.8,3593.45,3593.45,16854731.0,0,0,0,0,0,0,0,0,0,0,0,0
2016-06-01,38910.0,1333.05,1297.0,6873453.3,1271.9,43.68,42.4,170937.0,174041.9,5992.42,5801.4,22079997.8,0,0,0,0,212951.9,7325.46,7098.4,28953451.1,0,0,0,0,0,0,0,0,0,0,0,0,0,0,0,0,18668,37483,56151,81.73,18.27,0,32.69,136.84,4.47,0,90,0,0,0,0,0,0,0,0,109637.2,3792.9,3654.57,16964368.2,0,0,0,0,0,0,0,0,0,0,0,0
2016-07-01,37070.1,1248.07,1195.81,6910523.4,1266.5,42.58,40.85,172203.5,172622.8,5758.01,5568.48,22252620.6,0,0,0,0,209692.9,7006.07,6764.29,29163144.0,0,0,0,0,0,0,0,0,0,0,0,0,0,0,0,0,18384,37432,55816,82.32,17.68,0,34.17,136.3,4.66,0,86,0,0,0,0,0,0,0,0,118064.1,3853.76,3808.52,17082432.3,0,0,0,0,0,0,0,0,0,0,0,0
2016-08-01,36066.1,1237.4,1163.42,6946589.5,1325.7,45.49,42.76,173529.2,169471.4,5960.16,5466.82,22422092.0,0,0,0,0,205537.5,7197.56,6630.24,29368681.5,0,0,0,0,0,0,0,0,0,0,0,0,0,0,0,0,17208,37229,54437,82.45,17.55,0,36.76,127.84,4.7,0,85,0,0,0,0,0,0,0,0,118640.1,4069.1,3827.1,17201072.4,0,0,0,0,0,0,0,0,0,0,0,0
2016-09-01,34541.3,1170.49,1151.38,6981130.8,1266.0,42.93,42.2,174795.2,170565.2,5940.87,5685.51,22592657.2,0,0,0,0,205106.5,7111.37,6836.88,29573788.0,0,0,0,0,0,0,0,0,0,0,0,0,0,0,0,0,15962,35671,51633,83.16,16.84,0,36.65,134.73,4.94,0,84,0,0,0,0,0,0,0,0,109420.5,3857.37,3647.35,17310492.9,0,0,0,0,0,0,0,0,0,0,0,0
2016-10-01,39418.2,1296.0,1271.55,7020549.0,1437.4,47.89,46.37,176232.6,199323.5,6638.18,6429.79,22791980.7,0,0,0,0,238741.7,7934.18,7701.35,29812529.7,0,0,0,0,0,0,0,0,0,0,0,0,0,0,0,0,14880,38175,53055,83.49,16.51,0,36.47,138.67,5.06,0,81,0,0,0,0,0,0,0,0,126569.0,4082.87,4082.87,17437061.9,0,0,0,0,0,0,0,0,0,0,0,0
2016-11-01,40209.0,1372.33,1340.3,7060758.0,1888.5,64.41,62.95,178121.1,193258.4,6607.19,6441.95,22985239.1,0,0,0,0,233467.4,7979.51,7782.25,30045997.1,0,0,0,0,0,0,0,0,0,0,0,0,0,0,0,0,15120,36931,52051,82.78,17.22,0,46.97,102.33,4.81,0,80,0,0,0,0,0,0,0,0,119241.2,3974.71,3974.71,17556303.1,0,0,0,0,0,0,0,0,0,0,0,0
2016-12-01,39849.8,1312.26,1285.48,7100607.8,2450.5,80.69,79.05,180571.6,184601.9,6334.27,5954.9,23169841.0,0,0,0,0,224451.7,7646.53,7240.38,30270448.8,0,0,0,0,0,0,0,0,0,0,0,0,0,0,0,0,15624,36836,52460,82.25,17.75,0,61.49,75.33,4.63,0,79,0,0,0,0,0,0,0,0,118517.0,3823.13,3823.13,17674820.1,0,0,0,0,0,0,0,0,0,0,0,0
2017-01-01,39885.8,1315.05,1286.64,7140493.6,2194.8,72.48,70.8,182766.4,185003.0,6335.54,5967.84,23354844.0,0,0,0,0,224888.8,7650.59,7254.48,30495337.6,0,0,0,0,0,0,0,0,0,0,0,0,0,0,0,0,15624,36468,52092,82.26,17.74,0,55.03,84.29,4.64,0,79,0,0,0,0,0,0,0,0,122806.1,3961.49,3961.49,17797626.2,0,0,0,0,0,0,0,0,0,0,0,0
2017-02-01,32877.2,1224.18,1174.19,7173370.8,1673.5,62.21,59.77,184439.9,165023.8,6200.2,5893.71,23519867.8,0,0,0,0,197901.0,7424.38,7067.89,30693238.6,0,0,0,0,0,0,0,0,0,0,0,0,0,0,0,0,14112,33398,47510,83.39,16.61,0,50.9,98.61,5.02,0,78,0,0,0,0,0,0,0,0,98153.8,3505.49,3505.49,17895780.0,0,0,0,0,0,0,0,0,0,0,0,0
2017-03-01,32406.5,1078.11,1045.37,7205777.3,1744.5,57.99,56.27,186184.4,171801.1,5790.01,5541.97,23691668.9,0,0,0,0,204207.6,6868.12,6587.34,30897446.2,0,0,0,0,0,0,0,0,0,0,0,0,0,0,0,0,15536,36999,52535,84.13,15.87,0,53.83,98.48,5.3,0,78,0,0,0,0,0,0,0,0,106573.8,3450.34,3437.86,18002353.8,0,0,0,0,0,0,0,0,0,0,0,0
2017-04-01,30612.6,1065.14,1020.42,7236389.9,1585.5,55.2,52.85,187769.9,158927.3,5838.9,5297.58,23850596.2,0,0,0,0,189539.9,6904.04,6318.0,31086986.1,0,0,0,0,0,0,0,0,0,0,0,0,0,0,0,0,16560,35722,52282,83.85,16.15,0,51.79,100.24,5.19,0,80,0,0,0,0,0,0,0,0,102668.9,3422.3,3422.3,18105022.7,0,0,0,0,0,0,0,0,0,0,0,0
2017-05-01,26985.1,974.84,870.49,7263375.0,1303.0,46.82,42.03,189072.9,148768.6,5871.48,4798.99,23999364.8,0,0,0,0,175753.7,6846.33,5669.47,31262739.8,0,0,0,0,0,0,0,0,0,0,0,0,0,0,0,0,15360,33600,48960,84.65,15.35,0,48.29,114.17,5.51,0,79,0,0,0,0,0,0,0,0,84795.4,2934.38,2735.34,18189818.1,0,0,0,0,0,0,0,0,0,0,0,0
2017-06-01,32315.9,1094.75,1077.2,7295690.9,1467.7,49.68,48.92,190540.6,174199.6,5989.36,5806.65,24173564.4,0,0,0,0,206515.5,7084.11,6883.85,31469255.3,0,0,0,0,0,0,0,0,0,0,0,0,0,0,0,0,14764,36831,51595,84.35,15.65,0,45.42,118.69,5.39,0,78,0,0,0,0,0,0,0,0,107944.7,3630.06,3598.16,18297762.8,0,0,0,0,0,0,0,0,0,0,0,0
2017-07-01,34357.3,1134.72,1108.3,7330048.2,1463.4,48.33,47.21,192004.0,184384.7,6199.95,5947.89,24357949.1,0,0,0,0,218742.0,7334.67,7056.19,31687997.3,0,0,0,0,0,0,0,0,0,0,0,0,0,0,0,0,15624,37767,53391,84.29,15.71,0,42.59,126.0,5.37,0,77,0,0,0,0,0,0,0,0,98103.4,3164.63,3164.63,18395866.2,0,0,0,0,0,0,0,0,0,0,0,0
2017-08-01,35597.2,1161.66,1148.3,7365645.4,1499.8,49.1,48.38,193503.8,185208.9,6103.71,5974.48,24543158.0,0,0,0,0,220806.1,7265.37,7122.78,31908803.4,0,0,0,0,0,0,0,0,0,0,0,0,0,0,0,0,15408,37098,52506,83.88,16.12,0,42.13,123.49,5.2,0,78,0,0,0,0,0,0,0,0,99395.1,3275.19,3206.29,18495261.3,0,0,0,0,0,0,0,0,0,0,0,0
2017-09-01,31829.4,1067.66,1060.98,7397474.8,1381.2,46.32,46.04,194885.0,172492.2,5804.65,5749.74,24715650.2,0,0,0,0,204321.6,6872.31,6810.72,32113125.0,0,0,0,0,0,0,0,0,0,0,0,0,0,0,0,0,16200,35692,51892,84.42,15.58,0,43.39,124.89,5.42,0,80,0,0,0,0,0,0,0,0,101370.6,3456.06,3379.02,18596631.9,0,0,0,0,0,0,0,0,0,0,0,0
2017-10-01,31324.5,1062.81,1010.47,7428799.3,1286.0,45.46,41.48,196171.0,160174.3,5515.3,5166.91,24875824.5,0,0,0,0,191498.8,6578.12,6177.38,32304623.8,0,0,0,0,0,0,0,0,0,0,0,0,0,0,0,0,18120,35396,53516,83.64,16.36,0,41.05,124.55,5.11,0,81,0,0,0,0,0,0,0,0,96027.9,3100.81,3097.67,18692659.8,0,0,0,0,0,0,0,0,0,0,0,0
2017-11-01,31795.5,1075.36,1059.85,7460594.8,1284.7,43.39,42.82,197455.7,172969.4,5951.53,5765.65,25048793.9,0,0,0,0,204764.9,7026.89,6825.5,32509388.7,0,0,0,0,0,0,0,0,0,0,0,0,0,0,0,0,16560,35300,51860,84.47,15.53,0,40.41,134.64,5.44,0,80,0,0,0,0,0,0,0,0,99519.8,3317.33,3317.33,18792179.6,0,0,0,0,0,0,0,0,0,0,0,0
2017-12-01,36736.3,1216.65,1185.04,7497331.1,1563.6,51.66,50.44,199019.3,185777.7,6161.45,5992.83,25234571.6,0,0,0,0,222514.0,7378.1,7177.87,32731902.7,0,0,0,0,0,0,0,0,0,0,0,0,0,0,0,0,16366,36181,52547,83.49,16.51,0,42.56,118.81,5.06,0,80,0,0,0,0,0,0,0,0,120488.6,3892.37,3886.73,18912668.2,0,0,0,0,0,0,0,0,0,0,0,0
2018-01-01,38300.9,1282.36,1235.51,7535632.0,1626.4,54.28,52.46,200645.7,194646.4,6561.7,6278.92,25429218.0,0,0,0,0,232947.3,7844.06,7514.43,32964850.0,0,0,0,0,0,0,0,0,0,0,0,0,0,0,0,0,16368,36524,52892,83.56,16.44,0,42.46,119.68,5.08,0,80,0,0,0,0,0,0,0,0,108096.3,3486.98,3486.98,19020764.5,0,0,0,0,0,0,0,0,0,0,0,0
2018-02-01,37891.6,1385.34,1353.27,7573523.6,1408.7,51.42,50.31,202054.4,176279.9,6562.3,6295.71,25605497.9,0,0,0,0,214171.5,7947.64,7648.98,33179021.5,0,0,0,0,0,0,0,0,0,0,0,0,0,0,0,0,14784,32896,47680,82.31,17.69,0,37.18,125.14,4.65,0,79,0,0,0,0,0,0,0,0,107047.1,3823.11,3823.11,19127811.6,0,0,0,0,0,0,0,0,0,0,0,0
2018-03-01,41943.8,1405.62,1353.03,7615467.4,1741.2,58.27,56.17,203795.6,196680.6,6647.22,6344.54,25802178.5,0,0,0,0,238624.4,8052.84,7697.56,33417645.9,0,0,0,0,0,0,0,0,0,0,0,0,0,0,0,0,16368,36863,53231,82.42,17.58,0,41.51,112.96,4.69,0,79,0,0,0,0,0,0,0,0,115625.0,3729.84,3729.84,19243436.6,0,0,0,0,0,0,0,0,0,0,0,0
2018-04-01,37988.3,1334.25,1266.28,7653455.7,1680.8,60.69,56.03,205476.4,184825.9,6478.02,6160.86,25987004.4,0,0,0,0,222814.2,7812.27,7427.14,33640460.1,0,0,0,0,0,0,0,0,0,0,0,0,0,0,0,0,16140,35195,51335,82.95,17.05,0,44.25,109.96,4.87,0,79,0,0,0,0,0,0,0,0,114637.2,3871.19,3821.24,19358073.8,0,0,0,0,0,0,0,0,0,0,0,0
2018-05-01,35583.3,1353.33,1147.85,7689039.0,1091.1,41.31,35.2,206567.5,152410.6,6487.06,4916.47,26139415.0,0,0,0,0,187993.9,7840.4,6064.32,33828454.0,0,0,0,0,0,0,0,0,0,0,0,0,0,0,0,0,15672,29373,45045,81.07,18.93,0,30.66,139.69,4.28,0,79,0,0,0,0,0,0,0,0,120829.0,4066.4,3897.71,19478902.8,0,0,0,0,0,0,0,0,0,0,0,0
2018-06-01,37383.6,1303.54,1246.12,7726422.6,1259.7,44.29,41.99,207827.2,199047.7,7166.08,6634.92,26338462.7,0,0,0,0,236431.3,8469.63,7881.04,34064885.3,0,0,0,0,0,0,0,0,0,0,0,0,0,0,0,0,16560,34034,50594,84.19,15.81,0,33.7,158.01,5.32,0,79,0,0,0,0,0,0,0,0,130963.3,4365.44,4365.44,19609866.1,0,0,0,0,0,0,0,0,0,0,0,0
2018-07-01,40600.2,1352.24,1309.68,7767022.8,1317.0,43.86,42.48,209144.2,199795.7,7127.5,6445.02,26538258.4,0,0,0,0,240395.9,8479.74,7754.71,34305281.2,0,0,0,0,0,0,0,0,0,0,0,0,0,0,0,0,16800,33795,50595,83.11,16.89,0,32.44,151.71,4.92,0,79,0,0,0,0,0,0,0,0,131328.6,4274.15,4236.41,19741194.7,0,0,0,0,0,0,0,0,0,0,0,0
2018-08-01,31592.0,1175.73,1019.1,7798614.8,1198.2,44.3,38.65,210342.4,161659.2,6096.61,5214.81,26699917.6,0,0,0,0,193251.2,7272.35,6233.91,34498532.4,0,0,0,0,0,0,0,0,0,0,0,0,0,0,0,0,15288,30833,46121,83.65,16.35,0,37.93,134.92,5.12,0,77,0,0,0,0,0,0,0,0,104326.6,3366.5,3365.37,19845521.3,0,0,0,0,0,0,0,0,0,0,0,0
2018-09-01,34810.4,1246.26,1160.35,7833425.2,2111.1,75.36,70.37,212453.5,196438.6,6968.67,6547.95,26896356.2,0,0,0,0,231249.0,8214.93,7708.3,34729781.4,0,0,0,0,0,0,0,0,0,0,0,0,0,0,0,0,16518,31777,48295,84.95,15.05,0,60.65,93.05,5.64,0,78,0,0,0,0,0,0,0,0,115071.3,3852.26,3835.71,19960592.6,0,0,0,0,0,0,0,0,0,0,0,0
2018-10-01,33157.3,1344.0,1069.59,7866582.5,1356.6,54.15,43.76,213810.1,162584.2,6622.5,5244.65,27058940.4,0,0,0,0,195741.5,7966.5,6314.24,34925522.9,0,0,0,0,0,0,0,0,0,0,0,0,0,0,0,0,16064,28023,44087,83.06,16.94,0,40.91,119.85,4.9,0,78,0,0,0,0,0,0,0,0,113747.2,4105.78,3669.26,20074339.8,0,0,0,0,0,0,0,0,0,0,0,0
2018-11-01,37598.6,1307.35,1253.29,7904181.1,1833.5,63.61,61.12,215643.6,205358.3,7320.6,6845.28,27264298.7,0,0,0,0,242956.9,8627.95,8098.56,35168479.8,0,0,0,0,0,0,0,0,0,0,0,0,0,0,0,0,15885,32733,48618,84.52,15.48,0,48.77,112.0,5.46,0,84,0,0,0,0,0,0,0,0,110951.2,4398.95,3698.37,20185291.0,0,0,0,0,0,0,0,0,0,0,0,0
2018-12-01,35880.6,1225.92,1157.44,7940061.7,1704.5,58.02,54.98,217348.1,207370.7,7069.47,6689.38,27471669.4,0,0,0,0,243251.3,8295.39,7846.82,35411731.1,0,0,0,0,0,0,0,0,0,0,0,0,0,0,0,0,20049,34120,54169,85.25,14.75,0,47.5,121.66,5.78,0,84,0,0,0,0,0,0,0,0,117716.4,3900.26,3797.3,20303007.4,0,0,0,0,0,0,0,0,0,0,0,0
2019-01-01,32351.6,1189.55,1043.6,7972413.3,1556.8,56.84,50.22,218904.9,179952.8,6547.39,5804.93,27651622.2,0,0,0,0,212304.4,7736.93,6848.53,35624035.5,0,0,0,0,0,0,0,0,0,0,0,0,0,0,0,0,18492,32953,51445,84.76,15.24,0,48.12,115.59,5.56,0,82,0,0,0,0,0,0,0,0,117509.2,3959.14,3790.62,20420516.6,0,0,0,0,0,0,0,0,0,0,0,0
2019-02-01,29700.2,1135.98,1060.72,8002113.5,1360.1,51.84,48.58,220265.0,164594.3,6813.75,5878.37,27816216.5,0,0,0,0,194294.5,7949.72,6939.09,35818330.0,0,0,0,0,0,0,0,0,0,0,0,0,0,0,0,0,16128,30252,46380,84.71,15.29,0,45.79,121.02,5.54,0,82,0,0,0,0,0,0,0,0,110464.1,3945.15,3945.15,20530980.7,0,0,0,0,0,0,0,0,0,0,0,0
2019-03-01,34482.1,1166.24,1112.33,8036595.6,1292.0,43.54,41.68,221557.0,168023.0,5757.79,5420.1,27984239.5,0,0,0,0,202505.1,6924.03,6532.42,36020835.1,0,0,0,0,0,0,0,0,0,0,0,0,0,0,0,0,19920,32213,52133,82.97,17.03,0,37.47,130.05,4.87,0,79,0,0,0,0,0,0,0,0,118089.2,3819.99,3809.33,20649069.9,0,0,0,0,0,0,0,0,0,0,0,0
2019-04-01,29897.0,1031.65,996.57,8066492.6,1123.8,38.68,37.46,222680.8,160796.7,5590.6,5359.89,28145036.2,0,0,0,0,190693.7,6622.25,6356.46,36211528.8,0,0,0,0,0,0,0,0,0,0,0,0,0,0,0,0,20160,30753,50913,84.32,15.68,0,37.59,143.08,5.38,0,78,0,0,0,0,0,0,0,0,106244.0,3541.47,3541.47,20755313.9,0,0,0,0,0,0,0,0,0,0,0,0
2019-05-01,29483.9,1035.76,951.09,8095976.5,1311.2,45.83,42.3,223992.0,159052.2,5796.87,5130.72,28304088.4,0,0,0,0,188536.1,6832.63,6081.81,36400064.9,0,0,0,0,0,0,0,0,0,0,0,0,0,0,0,0,19222,31643,50865,84.36,15.64,0,44.47,121.3,5.39,0,78,0,0,0,0,0,0,0,0,133009.8,4588.51,4290.64,20888323.7,0,0,0,0,0,0,0,0,0,0,0,0
2019-06-01,21359.1,1060.74,711.97,8117335.6,1834.0,89.98,61.13,225826.0,111485.1,5730.63,3716.17,28415573.5,0,0,0,0,132844.2,6791.36,4428.14,36532909.1,0,0,0,0,0,0,0,0,0,0,0,0,0,0,0,0,15600,22666,38266,83.92,16.08,0,85.87,60.79,5.22,0,78,0,0,0,0,0,0,0,0,79325.4,3472.35,2644.18,20967649.1,0,0,0,0,0,0,0,0,0,0,0,0
2019-07-01,30573.1,1015.53,986.23,8147908.7,1798.6,59.73,58.02,227624.6,153735.2,5093.48,4959.2,28569308.7,0,0,0,0,184308.3,6109.01,5945.43,36717217.4,0,0,0,0,0,0,0,0,0,0,0,0,0,0,0,0,18600,32667,51267,83.41,16.59,0,58.83,85.47,5.03,0,77,0,0,0,0,0,0,0,0,120097.5,3874.11,3874.11,21087746.6,0,0,0,0,0,0,0,0,0,0,0,0
2019-08-01,27631.5,962.98,891.34,8175540.2,1768.4,61.67,57.05,229393.0,166705.3,5673.74,5377.59,28736014.0,0,0,0,0,194336.8,6636.72,6268.93,36911554.2,0,0,0,0,0,0,0,0,0,0,0,0,0,0,0,0,22896,32501,55397,85.78,14.22,0,64.0,94.27,6.03,0,83,0,0,0,0,0,0,0,0,142515.3,4599.28,4597.27,21230261.9,0,0,0,0,0,0,0,0,0,0,0,0
2019-09-01,26570.6,1039.88,885.69,8202110.8,1781.7,69.56,59.39,231174.7,156355.0,6060.78,5211.83,28892369.0,0,0,0,0,182925.6,7100.65,6097.52,37094479.8,0,0,0,0,0,0,0,0,0,0,0,0,0,0,0,0,23206,29558,52764,85.47,14.53,0,67.06,87.76,5.88,0,86,0,0,0,0,0,0,0,0,138736.3,5065.55,4624.54,21368998.2,0,0,0,0,0,0,0,0,0,0,0,0
2019-10-01,33257.7,1186.71,1072.83,8235368.5,3086.9,109.92,99.58,234261.6,183373.1,6366.87,5915.26,29075742.1,0,0,0,0,216630.8,7553.58,6988.09,37311110.6,0,0,0,0,0,0,0,0,0,0,0,0,0,0,0,0,22708,32873,55581,84.65,15.35,0,92.82,59.4,5.51,0,85,0,0,0,0,0,0,0,0,132940.8,4337.44,4288.41,21501939.0,0,0,0,0,0,0,0,0,0,0,0,0
2019-11-01,35292.7,1233.07,1176.42,8270661.2,1494.6,52.08,49.82,235756.2,203118.5,7012.11,6770.62,29278860.6,0,0,0,0,238411.2,8245.18,7947.04,37549521.8,0,0,0,0,0,0,0,0,0,0,0,0,0,0,0,0,18888,35351,54239,85.2,14.8,0,42.35,135.9,5.76,0,81,0,0,0,0,0,0,0,0,107944.2,3658.6,3598.14,21609883.2,0,0,0,0,0,0,0,0,0,0,0,0
2019-12-01,37784.5,1221.41,1218.85,8308445.7,2705.5,87.46,87.27,238461.7,207982.2,6848.72,6709.1,29486842.8,0,0,0,0,245766.7,8070.13,7927.96,37795288.5,0,0,0,0,0,0,0,0,0,0,0,0,0,0,0,0,19344,36289,55633,84.63,15.37,0,71.6,76.87,5.5,0,80,0,0,0,0,0,0,0,0,120968.1,3902.2,3902.2,21730851.3,0,0,0,0,0,0,0,0,0,0,0,0
2020-01-01,37432.0,1248.52,1207.48,8345877.7,1492.3,49.67,48.14,239954.0,199128.1,6592.61,6423.49,29685970.9,0,0,0,0,236560.1,7841.13,7630.97,38031848.6,0,0,0,0,0,0,0,0,0,0,0,0,0,0,0,0,19344,33327,52671,84.18,15.82,0,39.87,133.44,5.32,0,79,0,0,0,0,0,0,0,0,122425.9,3949.22,3949.22,21853277.2,0,0,0,0,0,0,0,0,0,0,0,0
2020-02-01,32394.1,1117.39,1117.04,8378271.8,1297.5,44.76,44.74,241251.5,172181.9,5940.33,5937.31,29858152.8,0,0,0,0,204576.0,7057.72,7054.34,38236424.6,0,0,0,0,0,0,0,0,0,0,0,0,0,0,0,0,18792,32005,50797,84.17,15.83,0,40.05,132.7,5.32,0,79,0,0,0,0,0,0,0,0,111415.5,3841.91,3841.91,21964692.7,0,0,0,0,0,0,0,0,0,0,0,0
2020-03-01,30952.8,1116.62,998.48,8409224.6,1186.6,42.6,38.28,242438.1,148040.2,6154.13,4775.49,30006193.0,0,0,0,0,178993.0,7270.75,5773.97,38415417.6,0,0,0,0,0,0,0,0,0,0,0,0,0,0,0,0,20088,28377,48465,82.71,17.29,0,38.34,124.76,4.78,0,79,0,0,0,0,0,0,0,0,117833.8,3801.09,3801.09,22082526.5,0,0,0,0,0,0,0,0,0,0,0,0
2020-04-01,28462.9,990.52,948.76,8437687.5,1275.2,44.27,42.51,243713.3,130850.8,4659.35,4361.69,30137043.8,0,0,0,0,159313.7,5649.87,5310.46,38574731.3,0,0,0,0,0,0,0,0,0,0,0,0,0,0,0,0,18720,26009,44729,82.13,17.87,0,44.8,102.61,4.6,0,76,0,0,0,0,0,0,0,0,107824.1,3594.14,3594.14,22190350.6,0,0,0,0,0,0,0,0,0,0,0,0
2020-05-01,29476.8,1004.22,950.86,8467164.3,1292.1,43.92,41.68,245005.4,120381.1,4290.06,3883.26,30257424.9,0,0,0,0,149857.9,5294.29,4834.13,38724589.2,0,0,0,0,0,0,0,0,0,0,0,0,0,0,0,0,18912,23587,42499,80.33,19.67,0,43.83,93.17,4.08,0,75,0,0,0,0,0,0,0,0,111116.6,3603.83,3584.41,22301467.2,0,0,0,0,0,0,0,0,0,0,0,0
2020-06-01,25519.9,912.82,850.66,8492684.2,1044.2,37.22,34.81,246049.6,103552.5,3899.97,3451.75,30360977.4,0,0,0,0,129072.4,4812.79,4302.41,38853661.6,0,0,0,0,0,0,0,0,0,0,0,0,0,0,0,0,16932,22066,38998,80.23,19.77,0,40.92,99.17,4.06,0,75,0,0,0,0,0,0,0,0,113290.4,3831.77,3776.35,22414757.6,0,0,0,0,0,0,0,0,0,0,0,0
2020-07-01,14474.0,867.68,466.9,8507158.2,314.4,17.91,10.14,246364.0,62321.5,3810.83,2010.37,30423298.9,0,0,0,0,76795.5,4678.51,2477.27,38930457.1,0,0,0,0,0,0,0,0,0,0,0,0,0,0,0,0,17064,11686,28750,81.15,18.85,0,21.72,198.22,4.31,0,74,0,0,0,0,0,0,0,0,81521.7,2635.1,2629.73,22496279.3,0,0,0,0,0,0,0,0,0,0,0,0
2020-08-01,29266.7,973.41,944.09,8536424.9,861.8,28.76,27.8,247225.8,138164.3,4779.28,4456.91,30561463.2,0,0,0,0,167431.0,5752.69,5401.0,39097888.1,0,0,0,0,0,0,0,0,0,0,0,0,0,0,0,0,15845,25842,41687,82.52,17.48,0,29.45,160.32,4.72,0,74,0,0,0,0,0,0,0,0,99608.7,3469.93,3213.18,22595888.0,0,0,0,0,0,0,0,0,0,0,0,0
2020-09-01,26703.1,1079.31,890.1,8563128.0,852.2,34.34,28.41,248078.0,119773.0,4723.11,3992.43,30681236.2,0,0,0,0,146476.1,5802.42,4882.54,39244364.2,0,0,0,0,0,0,0,0,0,0,0,0,0,0,0,0,14196,22882,37078,81.77,18.23,0,31.91,140.55,4.49,0,73,0,0,0,0,0,0,0,0,86296.8,3461.29,2876.56,22682184.8,0,0,0,0,0,0,0,0,0,0,0,0
2020-10-01,30670.6,1027.52,989.37,8593798.6,1351.6,46.88,43.6,249429.6,127646.2,4586.84,4117.62,30808882.4,0,0,0,0,158316.8,5614.36,5106.99,39402681.0,0,0,0,0,0,0,0,0,0,0,0,0,0,0,0,0,14554,26692,41246,80.63,19.37,0,44.07,94.44,4.16,0,73,0,0,0,0,0,0,0,0,95524.8,3396.62,3081.45,22777709.6,0,0,0,0,0,0,0,0,0,0,0,0
2020-11-01,29466.4,1026.24,982.21,8623265.0,1180.7,45.88,39.36,250610.3,114176.7,4174.11,3805.89,30923059.1,0,0,0,0,143643.1,5200.35,4788.1,39546324.1,0,0,0,0,0,0,0,0,0,0,0,0,0,0,0,0,15564,23496,39060,79.49,20.51,0,40.07,96.7,3.87,0,79,0,0,0,0,0,0,0,0,101932.2,3952.9,3397.74,22879641.8,0,0,0,0,0,0,0,0,0,0,0,0
2020-12-01,32594.8,1080.82,1051.45,8655859.8,1506.7,50.09,48.6,252117.0,135851.3,4718.28,4382.3,31058910.4,0,0,0,0,168446.1,5799.1,5433.75,39714770.2,0,0,0,0,0,0,0,0,0,0,0,0,0,0,0,0,21804,26985,48789,80.65,19.35,0,46.23,90.16,4.17,0,78,0,0,0,0,0,0,0,0,120388.1,3950.93,3883.49,23000029.9,0,0,0,0,0,0,0,0,0,0,0,0
2021-01-01,32066.9,1114.84,1034.42,8687926.7,1420.6,52.14,45.83,253537.6,141403.0,5021.07,4561.39,31200313.4,0,0,0,0,173469.9,6135.91,5595.8,39888240.1,0,0,0,0,0,0,0,0,0,0,0,0,0,0,0,0,19769,27653,47422,81.51,18.49,0,44.3,99.54,4.41,0,78,0,0,0,0,0,0,0,0,111504.9,4143.79,3596.93,23111534.8,0,0,0,0,0,0,0,0,0,0,0,0
2021-02-01,31357.9,1138.9,1119.93,8719284.6,1221.4,44.36,43.62,254759.0,132471.1,4812.89,4731.11,31332784.5,0,0,0,0,163829.0,5951.8,5851.04,40052069.1,0,0,0,0,0,0,0,0,0,0,0,0,0,0,0,0,18144,25182,43326,80.86,19.14,0,38.95,108.46,4.22,0,76,0,0,0,0,0,0,0,0,96190.6,3435.38,3435.38,23207725.4,0,0,0,0,0,0,0,0,0,0,0,0
2021-03-01,37032.9,1204.44,1194.61,8756317.5,1431.2,46.55,46.17,256190.2,140625.7,4690.74,4536.31,31473410.2,0,0,0,0,177658.6,5895.18,5730.92,40229727.7,0,0,0,0,0,0,0,0,0,0,0,0,0,0,0,0,20064,27419,47483,79.16,20.84,0,38.65,98.26,3.8,0,76,0,0,0,0,0,0,0,0,106474.7,3435.98,3434.67,23314200.1,0,0,0,0,0,0,0,0,0,0,0,0
2021-04-01,33334.3,1146.91,1111.14,8789651.8,1366.9,47.03,45.56,257557.1,138253.6,4714.43,4608.45,31611663.8,0,0,0,0,171587.9,5861.33,5719.6,40401315.6,0,0,0,0,0,0,0,0,0,0,0,0,0,0,0,0,19217,26092,45309,80.57,19.43,0,41.01,101.14,4.15,0,76,0,0,0,0,0,0,0,0,99160.2,3342.74,3305.34,23413360.3,0,0,0,0,0,0,0,0,0,0,0,0
2021-05-01,34082.5,1126.27,1099.44,8823734.3,1345.9,44.49,43.42,258903.0,143167.3,4751.26,4618.3,31754831.1,0,0,0,0,177249.8,5877.53,5717.74,40578565.4,0,0,0,0,0,0,0,0,0,0,0,0,0,0,0,0,19187,26925,46112,80.77,19.23,0,39.49,106.37,4.2,0,76,0,0,0,0,0,0,0,0,97585.5,3287.93,3147.92,23510945.8,0,0,0,0,0,0,0,0,0,0,0,0
2021-06-01,27743.0,1082.15,924.77,8851477.3,967.0,37.73,32.23,259870.0,120897.2,4885.11,4029.91,31875728.3,0,0,0,0,148640.2,5967.25,4954.67,40727205.6,0,0,0,0,0,0,0,0,0,0,0,0,0,0,0,0,17062,21926,38988,81.34,18.66,0,34.86,125.02,4.36,0,75,0,0,0,0,0,0,0,0,94298.0,3544.28,3143.27,23605243.8,0,0,0,0,0,0,0,0,0,0,0,0
2021-07-01,32922.9,1074.91,1062.03,8884400.2,1332.8,43.52,42.99,261202.8,156069.7,5114.96,5034.51,32031798.0,0,0,0,0,188992.6,6189.87,6096.54,40916198.2,0,0,0,0,0,0,0,0,0,0,0,0,0,0,0,0,17433,27075,44508,82.58,17.42,0,40.48,117.1,4.74,0,74,0,0,0,0,0,0,0,0,107485.6,3855.06,3467.28,23712729.4,0,0,0,0,0,0,0,0,0,0,0,0
2021-08-01,33013.9,1068.17,1064.96,8917414.1,1179.2,38.15,38.04,262382.0,159065.4,5150.59,5131.14,32190863.4,0,0,0,0,192079.3,6218.77,6196.11,41108277.5,0,0,0,0,0,0,0,0,0,0,0,0,0,0,0,0,19580,27439,47019,82.81,17.19,0,35.72,134.89,4.82,0,78,0,0,0,0,0,0,0,0,115936.1,4075.03,3739.87,23828665.5,0,0,0,0,0,0,0,0,0,0,0,0
2021-09-01,33570.5,1173.87,1119.02,8950984.6,1149.8,40.16,38.33,263531.8,152770.3,5198.19,5092.34,32343633.7,0,0,0,0,186340.8,6372.06,6211.36,41294618.3,0,0,0,0,0,0,0,0,0,0,0,0,0,0,0,0,17544,26515,44059,81.98,18.02,0,34.25,132.87,4.55,0,78,0,0,0,0,0,0,0,0,116532.4,4190.61,3884.41,23945197.9,0,0,0,0,0,0,0,0,0,0,0,0
2021-10-01,38591.0,1278.74,1244.87,8989575.6,1220.0,40.44,39.35,264751.8,170268.1,5593.1,5492.52,32513901.8,0,0,0,0,208859.1,6871.84,6737.39,41503477.4,0,0,0,0,0,0,0,0,0,0,0,0,0,0,0,0,17348,27447,44795,81.52,18.48,0,31.61,139.56,4.41,0,78,0,0,0,0,0,0,0,0,121047.9,4193.54,3904.77,24066245.8,0,0,0,0,0,0,0,0,0,0,0,0
2021-11-01,38687.6,1332.28,1289.59,9028263.2,1292.3,44.5,43.08,266044.1,166191.4,5768.89,5539.71,32680093.2,0,0,0,0,204879.0,7101.17,6829.3,41708356.4,0,0,0,0,0,0,0,0,0,0,0,0,0,0,0,0,17120,26136,43256,81.12,18.88,0,33.4,128.6,4.3,0,77,0,0,0,0,0,0,0,0,110921.3,3716.17,3697.38,24177167.1,0,0,0,0,0,0,0,0,0,0,0,0
2021-12-01,37266.5,1301.48,1202.15,9065529.7,2199.9,76.83,70.96,268244.0,152282.7,5266.87,4912.35,32832375.9,0,0,0,0,189549.2,6568.35,6114.49,41897905.6,0,0,0,0,0,0,0,0,0,0,0,0,0,0,0,0,16739,26815,43554,80.34,19.66,0,59.03,69.22,4.09,0,77,0,0,0,0,0,0,0,0,116992.0,5214.71,3773.94,24294159.1,0,0,0,0,0,0,0,0,0,0,0,0
2022-01-01,38867.8,1342.98,1253.8,9104397.5,1217.2,42.06,39.26,269461.2,158148.3,5391.12,5101.56,32990524.2,0,0,0,0,197016.1,6734.1,6355.36,42094921.7,0,0,0,0,0,0,0,0,0,0,0,0,0,0,0,0,17305,26776,44081,80.27,19.73,0,31.32,129.93,4.07,0,76,0,0,0,0,0,0,0,0,124800.2,4068.87,4025.81,24418959.3,0,0,0,0,0,0,0,0,0,0,0,0
2022-02-01,37610.1,1354.47,1343.22,9142007.6,1156.5,41.65,41.3,270617.7,146628.2,5291.35,5236.72,33137152.4,0,0,0,0,184238.3,6645.82,6579.94,42279160.0,0,0,0,0,0,0,0,0,0,0,0,0,0,0,0,0,15370,25355,40725,79.59,20.41,0,30.75,126.79,3.9,0,76,0,0,0,0,0,0,0,0,110138.6,3971.61,3933.52,24529097.9,0,0,0,0,0,0,0,0,0,0,0,0
2022-03-01,42980.7,1450.98,1386.47,9184988.3,1391.7,46.98,44.89,272009.4,164742.0,5674.37,5314.26,33301894.4,0,0,0,0,207722.7,7125.34,6700.73,42486882.7,0,0,0,0,0,0,0,0,0,0,0,0,0,0,0,0,17063,26713,43776,79.31,20.69,0,32.38,118.37,3.83,0,76,0,0,0,0,0,0,0,0,121774.8,3943.06,3928.22,24650872.7,0,0,0,0,0,0,0,0,0,0,0,0
2022-04-01,40773.8,1390.5,1359.13,9225762.1,1389.0,47.37,46.3,273398.4,161941.9,5662.54,5398.06,33463836.3,0,0,0,0,202715.7,7053.04,6757.19,42689598.4,0,0,0,0,0,0,0,0,0,0,0,0,0,0,0,0,16581,26319,42900,79.89,20.11,0,34.07,116.59,3.97,0,76,0,0,0,0,0,0,0,0,120084.9,4418.03,4002.83,24770957.6,0,0,0,0,0,0,0,0,0,0,0,0
2022-05-01,37150.5,1464.88,1198.4,9262912.6,1319.4,52.03,42.56,274717.8,135301.7,5723.61,4364.57,33599138.0,0,0,0,0,172452.2,7188.48,5562.97,42862050.6,0,0,0,0,0,0,0,0,0,0,0,0,0,0,0,0,17121,22097,39218,78.46,21.54,0,35.51,102.55,3.64,0,75,0,0,0,0,0,0,0,0,100376.9,3782.26,3237.96,24871334.5,0,0,0,0,0,0,0,0,0,0,0,0
2022-06-01,37038.3,1325.04,1234.61,9299950.9,1516.8,54.09,50.56,276234.6,153836.7,5690.95,5127.89,33752974.7,0,0,0,0,190875.0,7015.99,6362.5,43052925.6,0,0,0,0,0,0,0,0,0,0,0,0,0,0,0,0,16288,25069,41357,80.6,19.4,0,40.95,101.42,4.15,0,73,0,0,0,0,0,0,0,0,105156.9,3716.71,3505.23,24976491.4,0,0,0,0,0,0,0,0,0,0,0,0
2022-07-01,34202.4,1138.74,1103.3,9334153.3,1173.6,39.08,37.86,277408.2,152080.3,5063.55,4905.82,33905055.0,0,0,0,0,186282.7,6202.29,6009.12,43239208.3,0,0,0,0,0,0,0,0,0,0,0,0,0,0,0,0,17089,25621,42710,81.64,18.36,0,34.31,129.58,4.45,0,70,0,0,0,0,0,0,0,0,116533.4,3911.34,3759.14,25093024.8,0,0,0,0,0,0,0,0,0,0,0,0
2022-08-01,31458.4,1067.9,1014.79,9365611.7,1058.3,35.93,34.14,278466.5,152156.3,5443.48,4908.27,34057211.3,0,0,0,0,183614.7,6511.38,5923.05,43422823.0,0,0,0,0,0,0,0,0,0,0,0,0,0,0,0,0,17040,27207,44247,82.87,17.13,0,33.64,143.77,4.84,0,69,0,0,0,0,0,0,0,0,114989.9,3874.22,3709.35,25208014.7,0,0,0,0,0,0,0,0,0,0,0,0
2022-09-01,30905.9,1048.66,1030.2,9396517.6,1167.2,39.6,38.91,279633.7,149336.8,5147.18,4977.89,34206548.1,0,0,0,0,180242.7,6195.84,6008.09,43603065.7,0,0,0,0,0,0,0,0,0,0,0,0,0,0,0,0,16088,25937,42025,82.85,17.15,0,37.77,127.94,4.83,0,65,0,0,0,0,0,0,0,0,124050.5,4532.0,4135.02,25332065.2,0,0,0,0,0,0,0,0,0,0,0,0
2022-10-01,28838.0,977.64,930.26,9425355.6,989.3,33.54,31.91,280623.0,147666.3,5091.23,4763.43,34354214.4,0,0,0,0,176504.3,6068.86,5693.69,43779570.0,0,0,0,0,0,0,0,0,0,0,0,0,0,0,0,0,18091,25229,43320,83.66,16.34,0,34.31,149.26,5.12,0,63,0,0,0,0,0,0,0,0,137084.7,4615.09,4422.09,25469149.9,0,0,0,0,0,0,0,0,0,0,0,0
2022-11-01,29065.1,976.51,968.84,9454420.7,960.4,32.27,32.01,281583.4,143620.1,5217.3,4787.34,34497834.5,0,0,0,0,172685.2,6193.81,5756.17,43952255.2,0,0,0,0,0,0,0,0,0,0,0,0,0,0,0,0,16601,23999,40600,83.17,16.83,0,33.04,149.54,4.94,0,62,0,0,0,0,0,0,0,0,124206.0,4714.35,4140.2,25593355.9,0,0,0,0,0,0,0,0,0,0,0,0
2022-12-01,29483.6,990.42,951.08,9483904.3,840.7,28.24,27.12,282424.1,148802.6,5046.23,4800.08,34646637.1,0,0,0,0,178286.2,6036.65,5751.17,44130541.4,0,0,0,0,0,0,0,0,0,0,0,0,0,0,0,0,16399,23526,39925,83.46,16.54,0,28.51,177.0,5.05,0,56,0,0,0,0,0,0,0,0,119769.1,4064.71,3863.52,25713125.0,0,0,0,0,0,0,0,0,0,0,0,0
