Unnamed: 0,ProdDate,MonInjSteam(m3),MonthlyOil(m3),MonInjGas(E3m3),CumInjGas(E3m3),PrdHours(hr),InjHours(hr),CumInjSteam(m3),CumPrdOil(m3),CalDlyOil(m3/d),CalInjGas(E3m3/d),CalInjSteam(m3/d),SOR,percent_change_SOR,is_interpolated,CumPrdOilSinceSteamInj(m3),OilRate,SteamRate,SteamRateOverOilRate
703,2021-10-01,126706.45,40468.5,683.3,683.3,13895,11675,8830561.9,3331027.9,1348.9499999999998,22.04,4223.55,47798.744866580695,-16.92385872371281,True,2714479.2000000007,2.912450521770421,10.85280085653105,3.726346859940422
704,2021-11-01,140534.7,44124.0,2356.4,3039.7,13599,11894,8971096.6,3375151.9,1470.8,78.55,4684.49,43312.74103209138,-9.385191697001606,False,2758603.2000000007,3.244650341936908,11.815596098873382,3.641562218941599
705,2021-12-01,169602.9,49732.5,2899.8,5939.5,15162,11726,9140699.5,3424884.4,1604.27,93.54,5471.06,51707.01593123208,19.38061341562565,False,2808335.7000000007,3.280075187969925,14.46383250895446,4.409603951154024
706,2022-01-01,168792.4,54022.7,2675.6,8615.1,15668,13281,9309491.9,3478907.1,1742.67,86.31,5444.92,48954.22337646952,-5.323827927768354,False,2862358.400000001,3.4479640030635688,12.70931405767638,3.686034438405958
707,2022-02-01,152786.7,47515.2,1888.7,10503.8,14233,13806,9462278.6,3526422.3,1696.97,67.45,5456.67,45766.68310561674,-6.511267161445577,False,2909873.600000001,3.338382631911754,11.066688396349416,3.3149850141689656
708,2022-03-01,161320.4,49641.1,1765.1,12268.9,15306,15412,9623599.0,3576063.4,1601.33,56.94,5203.88,49740.43770988153,8.682636220532892,False,2959514.700000001,3.243244479289168,10.467194393978716,3.227383708141806
709,2022-04-01,158583.8,47704.8,1174.0,13442.9,14310,13880,9782182.8,3623768.2,1590.16,39.13,5286.13,47570.35304623434,-4.362817786816697,False,3007219.500000001,3.3336687631027258,11.425345821325648,3.4272588650024733
710,2022-05-01,164104.5,50509.8,1794.8,15237.7,15130,13797,9946287.3,3674278.0,1629.35,57.9,5293.69,49156.81877576232,3.334988344496992,False,3057729.3000000007,3.338387309980172,11.89421613394216,3.562862852486941
711,2022-06-01,139018.8,52773.5,2151.3,17389.0,14365,13680,10085306.1,3727051.5,1759.12,71.71,4633.96,37841.057765734695,-23.01971789843949,False,3110502.8000000007,3.673755656108597,10.16219298245614,2.7661591934016587
712,2022-07-01,158231.4,51683.0,1714.6,19103.6,14044,13626,10243537.5,3778734.5,1667.19,55.31,5104.24,42996.76453766228,13.624637038016708,False,3162185.8000000007,3.6800769011677583,11.612461470717744,3.155494241718941
713,2022-08-01,170281.6,53233.0,2391.6,21495.2,15875,15661,10413819.1,3831967.5,1717.19,77.15,5492.95,50780.91409464055,18.10403559588738,False,3215418.8000000007,3.353259842519685,10.87297107464402,3.242507764168351
714,2022-09-01,168718.4,54528.8,2359.4,23854.6,16245,15840,10582537.5,3886496.3,1817.63,78.65,5623.95,50263.904725576205,-1.0181174921364944,False,3269947.600000001,3.356651277316097,10.651414141414142,3.1732263084328416
715,2022-10-01,174410.4,53194.3,3297.6,27152.2,15749,15742,10756947.9,3939690.6,1715.95,106.37,5626.14,51636.91203004833,2.731596981906348,False,3323141.9000000004,3.377630325734968,11.07930377334519,3.280200230596387
716,2022-11-01,168012.0,46329.3,2078.9,29231.1,14350,14696,10924959.9,3986019.9,1544.31,69.3,5600.4,52039.901315150455,0.7804287074091976,False,3369471.2,3.228522648083624,11.432498639085466,3.541092903861626
717,2022-12-01,178309.5,46106.5,3326.3,32557.4,15780,15923,11103269.4,4032126.4,1487.31,107.3,5751.92,61026.621192239705,17.268902611221783,False,3415577.7,2.921831432192649,11.198235257175156,3.8326082517264153
1168,2013-05-01,104962.8,64199.3,0.2,0.2,42289,13929,2849485.2,4032514.0,2070.95,0.01,3385.9,69140.50229831165,-4.991773920008836,False,1813875.5,1.518108728038024,7.535558905879819,4.963780766624429
1169,2013-06-01,81754.8,52717.4,3.0,3.2,39878,13484,2931240.0,4085231.4,1757.25,0.1,2725.16,61843.298690754855,-10.554166320736991,False,1866592.9,1.3219669993480114,6.063097003856423,4.5864208462440565
1170,2013-07-01,105183.2,66495.5,17.0,20.2,40859,13943,3036423.2,4151726.9,2145.02,0.55,3393.01,64631.14599935334,4.507921420134808,False,1933088.4,1.6274382632957245,7.543799756150039,4.63538305955342
1171,2013-08-01,108253.8,64128.2,47.3,67.5,40196,13753,3144677.0,4215855.1,2068.65,1.53,3492.06,67854.23175451675,4.986892473167126,False,1997216.6,1.5953876007562942,7.87128626481495,4.933776758126717
1172,2013-09-01,96601.4,55844.1,45.0,112.5,39075,12112,3241278.4,4271699.2,1861.47,1.5,3220.05,67593.52742724837,-0.384212333597056,False,2053060.7,1.4291516314779271,7.975677014531043,5.580707350334243
1173,2013-10-01,110691.3,56710.4,51.3,163.8,40114,14017,3351969.7,4328409.6,1829.37,1.65,3570.69,78297.29305735808,15.835489043873752,False,2109771.1,1.4137308670289674,7.896932296497111,5.585880934390961
1174,2013-11-01,105190.3,47506.5,50.1,213.9,37363,13117,3457160.0,4375916.1,1583.55,1.67,3506.34,82730.26173050005,5.661713834595172,False,2157277.6,1.271485159114632,8.019387054966836,6.307102365670507
1175,2013-12-01,109229.4,49002.5,77.7,291.6,37403,13075,3566389.4,4424918.6,1580.73,2.51,3523.53,83373.44519565327,0.7774464285492666,False,2206280.1,1.3101221827126166,8.354065009560228,6.376554125862583
1176,2014-01-01,100869.0,46204.6,55.0,346.6,36642,14608,3667258.4,4471123.2,1490.47,1.77,3253.84,79992.94221787441,-4.054651897670536,False,2252484.7,1.260973745974565,6.905052026286966,5.475968114586145
1177,2014-02-01,97032.4,49734.6,38.5,385.1,34625,12517,3764290.8,4520857.8,1776.24,1.38,3465.44,67553.51103658217,-15.5506608913213,False,2302219.3000000003,1.4363783393501806,7.752049213070224,5.396941043107947
1178,2014-03-01,107280.0,60987.9,44.5,429.6,39616,12209,3871570.8,4581845.7,1967.35,1.44,3460.65,69686.02755628576,3.1567811753689057,False,2363207.2,1.5394764741518578,8.786960439020394,5.707758830066815
1179,2014-04-01,105351.2,57388.4,45.5,475.1,39826,12960,3976922.0,4639234.1,1912.95,1.52,3511.71,73110.88810979221,4.914701947589384,False,2420595.6,1.440978255411038,8.12895061728395,5.641272230693844
1181,2014-06-01,100632.1,56119.6,23.4,498.5,38319,12362,4174147.3,4753004.7,1870.65,0.78,3354.4,68712.56102858894,4.098458360320545,False,2534366.2,1.4645371747696965,8.140438440381816,5.558369279128697
1182,2014-07-01,97930.0,59505.0,0.7,499.2,40266,8046,4272077.3,4812509.7,1919.52,0.02,3159.03,66267.53012351903,-3.558346346678332,False,2593871.2,1.477797645656385,12.1712652249565,8.236083783683698
1184,2014-09-01,122117.5,52574.1,1.5,500.7,37748,13146,4505783.3,4921384.8,1752.47,0.05,4070.58,87679.89161963781,9.421754471599764,False,2702746.3000000003,1.392765179612165,9.289327552107103,6.669701172952823
1185,2014-10-01,133594.2,58120.1,10.6,511.3,42098,18576,4639377.5,4979504.9,1874.84,0.34,4309.49,96765.98339644978,10.362799963563065,False,2760866.4000000004,1.3805905268658842,7.191763565891473,5.209193765958752
1186,2014-11-01,133593.5,57049.1,3.7,515.0,41314,17766,4772971.0,5036554.0,1901.64,0.12,4453.12,96746.16880897332,-0.0204768109422048,False,2817915.5000000005,1.3808660502493102,7.5196161206799506,5.445579692050733
1191,2015-04-01,122424.4,47592.0,0.2,515.2,39399,16694,5447502.1,5313268.3,1586.4,0.01,4080.81,101348.94384770548,-11.476578424544623,False,3094629.8000000003,1.2079494403411255,7.333437163052594,6.070980223296123
1192,2015-05-01,127824.7,50411.6,17.3,532.5,38140,15303,5575326.8,5363679.9,1626.18,0.56,4123.38,96708.5761610423,-4.578604877852632,False,3145041.4000000004,1.3217514420555847,8.352917728549958,6.319582837420264
1193,2015-06-01,128386.6,50041.3,21.3,553.8,34518,14400,5703713.4,5413721.2,1668.04,0.71,4279.55,88559.82276239825,-8.42609179259809,False,3195082.7,1.4497160901558608,8.915736111111112,6.149987691833213
1194,2015-07-01,132566.2,51838.2,37.4,591.2,34447,14881,5836279.6,5465559.4,1672.2,1.21,4276.33,88091.55972622508,-0.5287533574107273,False,3246920.9000000004,1.504868348477371,8.908420133055575,5.919733870453939
1195,2015-08-01,161582.9,55845.8,19.8,611.0,35673,20232,5997862.5,5521405.2,1801.48,0.64,5212.35,103215.40369553304,17.168323521924833,False,3302766.7,1.5654921088778628,7.986501581652827,5.101591720815196
1196,2015-09-01,134405.6,54650.9,65.3,676.3,37562,16704,6132268.1,5576056.1,1821.7,2.18,4480.19,92378.04221339448,-10.4997520661808,False,3357417.6,1.4549518130025023,8.046312260536398,5.530294672736738
1197,2015-10-01,159990.0,62301.8,64.3,740.6,36887,16704,6292258.1,5638357.9,2009.74,2.07,5160.97,94725.21066807058,2.54082939888911,False,3419719.4,1.6889907013310923,9.57794540229885,5.670810025626831
1198,2015-11-01,150699.1,65275.7,38.7,779.3,39303,18552,6442957.2,5703633.6,2175.86,1.29,5023.3,90737.08481563584,-4.210205313144821,False,3484995.1,1.6608325064244458,8.123064898663218,4.890959724861786
1199,2015-12-01,147570.8,69806.9,23.2,802.5,39191,17281,6590528.0,5773440.5,2251.84,0.75,4760.35,82849.2201028838,-8.693099110224889,False,3554802.0,1.78119721364599,8.539482668827034,4.794237607944205
1200,2016-01-01,143129.6,65188.4,23.4,825.9,39862,17856,6733657.6,5838628.9,2102.85,0.75,4617.08,87522.19896791453,5.640341404816773,False,3619990.4,1.6353519642767549,8.015770609318997,4.901556841841092
1201,2016-02-01,129880.1,56014.6,20.5,846.4,37376,17400,6863537.7,5894643.5,1931.54,0.71,4478.62,86663.0952930129,-0.9815837410764529,False,3676005.0,1.4986782962328766,7.464373563218391,4.980637660517983
1202,2016-03-01,133056.5,60488.4,39.9,886.3,40992,18600,6996594.2,5955131.9,1951.24,1.29,4292.15,90170.21524788224,4.046843633973118,False,3736493.4,1.4756147540983606,7.153575268817204,4.847861034832379
1211,2016-12-01,163402.8,42245.7,19.0,905.3,40226,22248,8268795.8,6389634.5,1362.76,0.61,5271.06,155590.77096130492,16.50566804985163,False,4170996.000000001,1.0502088201660618,7.344606256742178,6.993472265430822
1212,2017-01-01,149025.5,45402.4,6.9,912.2,40607,20184,8417821.3,6435036.9,1464.59,0.22,4807.27,133285.4315741018,-14.335901319462208,False,4216398.4,1.1180929396409487,7.38334819659136,6.6035192020462645
1213,2017-02-01,135209.1,41624.4,8.9,921.1,36641,18456,8553030.4,6476661.3,1486.59,0.32,4828.9,119021.45455790356,-10.701827534893038,False,4258022.800000001,1.1360061133702684,7.326024057217165,6.448930134260053
1214,2017-03-01,131047.4,46696.6,13.8,934.9,38530,20424,8684077.8,6523357.9,1506.34,0.45,4227.34,108128.99273180489,-9.151679305683093,False,4304719.4,1.2119543213080717,6.416343517430474,5.294212335086412
1215,2017-04-01,123590.4,45248.6,3.6,938.5,38760,14904,8807668.2,6568606.5,1508.29,0.12,4119.68,105867.67113236654,-2.0913184727866296,False,4349968.0,1.167404540763674,8.292431561996779,7.103305899917237
1217,2017-06-01,126010.8,44431.9,4.6,943.1,38315,14976,9064254.1,6662109.8,1481.06,0.15,4200.36,108663.00567835273,2.3397253020301045,False,4443471.300000001,1.1596476575753625,8.414182692307692,7.255809674035303
1218,2017-07-01,118434.3,42431.6,5.9,949.0,37653,10488,9182688.4,6704541.4,1368.76,0.19,3820.46,105096.35973896814,-3.2823000957124315,False,4485902.9,1.1269115342734974,11.292362700228834,10.020629265729228
1219,2017-08-01,115041.3,42176.6,2.1,951.1,39104,12144,9297729.7,6746718.0,1360.54,0.07,3711.01,106660.4466742222,1.4882408288344529,False,4528079.5,1.0785750818330606,9.473097826086956,8.782974857890496
1220,2017-09-01,101556.4,37507.9,22.0,973.1,34848,15312,9399286.1,6784225.9,1250.26,0.73,3385.21,94354.45405367936,-11.537540863793303,False,4565587.4,1.0763286271809,6.632471264367815,6.162124742272684
1221,2017-10-01,132810.8,43993.1,96.3,1069.4,37620,16560,9532096.9,6828219.0,1419.13,3.11,4284.22,113571.044004628,20.366383488389552,False,4609580.5,1.1694072301967038,8.019975845410627,6.858154831197343
1222,2017-11-01,123107.3,38006.3,66.1,1135.5,36886,19776,9655204.2,6866225.3,1266.88,2.2,4103.58,119478.50403222624,5.201554744321535,False,4647586.8,1.0303719568399936,6.225085962783171,6.041591021047038
1223,2017-12-01,147760.5,38366.0,12.9,1148.4,39353,19816,9802964.7,6904591.3,1237.61,0.42,4766.47,151561.77231142158,26.852753588663703,False,4685952.8,0.9749193200010164,7.456625958821155,7.648454396014412
1227,2018-04-01,122585.8,48163.5,4.9,1153.3,38938,17760,10330677.5,7100272.0,1605.45,0.16,4086.19,99105.0459455812,-14.805152161805236,False,4881633.499999999,1.2369279367199135,6.902353603603604,5.580239073512455
1228,2018-05-01,141826.7,60345.3,0.9,1154.2,44609,18804,10472504.2,7160617.3,1946.62,0.03,4575.05,104842.41954717269,5.7891841397681,False,4941978.799999999,1.3527606536797507,7.542368644969156,5.575538159283807
1230,2018-07-01,124673.7,60351.7,0.1,1154.3,45707,17064,10705114.5,7280699.4,1946.83,0.0,4021.73,94420.88302235064,22.13603446645136,False,5062060.899999999,1.320403876867876,7.306241209563995,5.533338198684403
1231,2018-08-01,109771.2,63649.0,10.6,1164.9,43432,7728,10814885.7,7344348.4,2053.19,0.34,3541.01,74904.28378136341,-20.66979106345299,False,5125709.899999999,1.4654862773991526,14.204347826086956,9.69258330504185
1232,2018-09-01,103781.6,54885.7,16.2,1181.1,37405,1173,10918667.3,7399234.1,1829.52,0.54,3459.39,70727.90814365126,-5.575616542710005,False,5180595.6,1.467335917658067,88.47536231884058,60.29659688290816
1233,2018-10-01,138686.6,66441.6,24.8,1205.9,41491,12696,11057353.9,7465675.7,2143.28,0.8,4473.76,86606.06789421085,22.44963857592168,False,5247037.199999999,1.6013496902942808,10.923645242596091,6.821523936216986
1234,2018-11-01,143244.2,61892.9,19.8,1225.7,40001,17341,11200598.1,7527568.6,2063.1,0.66,4774.81,92577.84405319512,6.895332283505562,False,5308930.1,1.5472838179045525,8.260434807681218,5.338668130626556
1239,2019-04-01,137585.7,49311.8,29.2,1254.9,41704,10800,11892495.4,7805969.6,1643.73,0.97,4586.19,116359.0465730312,-0.0460253884981054,False,5587331.099999999,1.182423748321504,12.739416666666669,10.773985793799184
1240,2019-05-01,109665.4,57611.7,1.2,1256.1,43075,18552,12002160.8,7863581.3,1858.44,0.04,3537.59,81994.40573702911,-29.53327811467893,False,5644942.799999999,1.3374741729541495,5.911244070720137,4.419707079400016
1241,2019-06-01,101969.5,57000.6,0.3,1256.4,41172,8208,12104130.3,7920581.9,1900.02,0.01,3398.98,73653.4045957411,-10.172646616940073,False,5701943.399999999,1.384450597493442,12.423184697855753,8.97336800630374
1242,2019-07-01,106062.4,53694.5,0.3,1256.7,41922,6048,12210192.7,7974276.4,1732.08,0.01,3421.37,82808.25657748932,12.429638564566204,False,5755637.899999999,1.2808191403081914,17.536772486772485,13.691841365325612
1243,2019-08-01,131939.2,60087.5,1.1,1257.8,41406,6480,12342131.9,8034363.9,1938.31,0.04,4256.1,90918.65221884752,9.794187169933654,False,5815725.399999999,1.4511785731536493,20.36098765432099,14.03065620661227
1244,2019-09-01,136520.7,55703.1,0.1,1257.9,38286,6048,12478652.6,8090067.0,1856.77,0.0,4550.69,93833.7636540875,3.2062853596015684,False,5871428.499999998,1.4549208587995612,22.572867063492065,15.514841874022402
1245,2019-10-01,133189.3,59498.2,0.1,1258.0,41114,7344,12611841.9,8149565.2,1919.3,0.0,4296.43,92035.4713285444,-1.9164661583568,False,5930926.699999998,1.447151821763876,18.13579793028322,12.532063089398743
1247,2019-12-01,150791.1,58570.5,547.0,1805.0,44346,13392,12901860.7,8254534.6,1889.37,17.65,4864.23,114169.79743386176,-7.441249464962074,False,6048531.549999998,1.3207617372480045,11.259789426523298,8.525223822719665
1248,2020-01-01,149159.1,59507.7,1198.8,3003.8,43620,13495,13051019.8,8314042.3,1919.6,38.67,4811.58,109335.76565721747,-4.234072307472236,False,6108039.249999998,1.364229711141678,11.052915894775843,8.10194632509948
1249,2020-02-01,137542.5,58920.3,1196.0,4199.8,40316,13872,13188562.3,8372962.6,2031.73,41.24,4742.84,94112.9530908702,-13.922994433562453,False,6166959.549999998,1.4614619505903363,9.91511678200692,6.784382431579456
1250,2020-03-01,139806.1,58580.2,1239.3,5439.1,42576,15308,13328368.4,8431542.8,1889.68,39.98,4509.87,101610.86021556772,7.966923657637182,False,6225539.749999998,1.3758972190905674,9.132878233603344,6.637761968615608
1251,2020-04-01,99083.3,39113.1,1192.1,6631.2,39838,13680,13427451.7,8470655.9,1303.77,39.74,3302.78,100919.65365568058,-0.6802487041451477,False,6264652.849999998,0.9818038054119184,7.242931286549708,7.3771676648889315
1252,2020-05-01,107952.2,42961.066666666666,423.8,7055.0,19983,5624,13469978.2,8487858.5,1413.88,13.67,3553.36,49399.91916919536,4.441092812667144,True,6307613.916666664,2.149880731955496,19.1949146514936,8.928362567366342
1253,2020-06-01,116821.1,46809.03333333333,1204.0,8259.0,37928,13680,13573369.8,8533564.9,1523.99,40.13,3803.94,85796.22557891236,9.562434329479434,True,6354422.949999997,1.2341550657385925,8.539554093567252,6.919352624831363
1254,2020-07-01,125690.0,50657.0,1202.1,9461.1,39656,14136,13699059.8,8584221.9,1634.1,38.78,4054.52,98394.35102749866,14.683775846291724,False,6405079.949999997,1.2774107322977608,8.891482739105829,6.96055114795548
1255,2020-08-01,140293.0,56386.0,1241.6,10702.7,39596,14136,13839352.8,8640607.9,1818.9,40.05,4525.58,98518.1007342248,0.1257691172652286,False,6461465.949999997,1.4240327305788465,9.92451895868704,6.969305371691059
1256,2020-09-01,134218.1,59079.5,1201.6,11904.3,38773,15240,13973570.9,8699687.4,1969.32,40.05,4473.94,88085.34925481766,-10.589679867613256,False,6520545.449999997,1.5237278518556727,8.806961942257217,5.779878560027406
1257,2020-10-01,137301.8,60037.4,915.4,12819.7,39550,16716,14110872.7,8759724.8,1936.69,29.53,4429.09,90448.39033669012,2.6826720923096348,False,6580582.849999998,1.5180126422250315,8.213795166307728,5.41088719410685
1258,2020-11-01,136573.2,60191.2,592.2,13411.9,39353,15120,14247445.9,8819916.0,2006.37,19.74,4552.44,89291.54327542898,-1.2790134318088286,False,6640774.049999998,1.529519985769827,9.032619047619049,5.905525348904033
1259,2020-12-01,146502.1,64063.6,1182.4,14594.3,40586,15624,14393948.0,8883979.6,2066.57,38.14,4725.87,92812.98944486416,3.9437622424924657,False,6704837.649999998,1.578465480707633,9.376734511008705,5.940411510807999
1260,2021-01-01,147157.6,62728.6,1241.6,15835.9,38660,16272,14541105.6,8946708.2,2023.5,40.05,4747.02,90694.08238028586,-2.282985471378496,False,6767566.249999997,1.6225711329539576,9.043608652900687,5.573628464865159
1261,2021-02-01,132610.0,58618.4,1118.8,16954.7,33500,14991,14673715.6,9005326.6,2093.51,39.96,4736.07,75785.67480518062,-16.438126042880473,False,6826184.649999998,1.7498029850746268,8.845974251217397,5.055411567285747
1262,2021-03-01,149341.3,69324.0,1239.8,18194.5,37996,16258,14823056.9,9074650.6,2236.26,39.99,4817.46,81852.9230107899,8.005798221373794,False,6895508.649999998,1.8245078429308348,9.185711649649402,5.034624370204816
1263,2021-04-01,117239.3,55885.0,991.0,19185.5,31725,13522,14940296.2,9130535.6,1862.83,33.03,3907.98,66554.83211058423,-18.689730723714128,False,6951393.649999998,1.761544523246651,8.670263274663512,4.921966581170259
1264,2021-05-01,142941.0,73034.9,1218.6,20404.1,36594,14881,15083237.2,9203570.5,2355.96,39.31,4611.0,71620.32061384352,7.611000347567121,False,7024428.549999998,1.9958162540307152,9.605604462065722,4.812870144065824
1265,2021-06-01,144300.8,74539.9,1169.7,21573.8,37079,15750,15227538.0,9278110.4,2484.66,38.99,4810.03,71780.74243727185,0.2239892561962664,False,7098968.449999998,2.010299630518622,9.161955555555554,4.55750745633472
1266,2021-07-01,147606.1,72268.2,1214.6,22788.4,38044,16360,15375144.1,9350378.6,2331.23,39.18,4761.49,77703.97586213578,8.251841961707429,False,7171236.649999999,1.8995952055514669,9.022377750611248,4.749631776414167
1267,2021-08-01,151705.6,69210.6,1215.7,24004.1,39526,16060,15526849.7,9419589.2,2232.6,39.22,4893.73,86638.68750740493,11.498397020406426,False,7240447.249999998,1.751014522086728,9.446176836861769,5.394687889626708
1268,2021-09-01,143187.9,69147.3,1133.0,25137.1,39226,15580,15670037.6,9488736.5,2304.91,37.77,4772.93,81227.87969161484,-6.245255983740094,False,7309594.549999998,1.7627925355631469,9.190494223363286,5.213599466727526
1269,2021-10-01,149703.1,71525.0,1192.1,26329.2,42089,16289,15819740.7,9560261.5,2307.26,38.45,4829.13,88093.02727577771,8.451713389819737,False,7381119.549999998,1.6993751336453706,9.190441402173246,5.408129859155117
1270,2021-11-01,149365.6,68196.3,1200.4,27529.6,41426,15707,15969106.3,9628457.8,2273.21,40.01,4978.85,90732.4788236312,2.996209381692161,False,7449315.849999998,1.6462197653647468,9.50949258292481,5.776563240824549
1271,2021-12-01,155573.4,70609.9,1205.8,28735.4,41234,16286,16124679.7,9699067.7,2277.74,38.9,5018.5,90850.05892374866,0.1295898686356933,False,7519925.749999998,1.7124193626618809,9.552585042367678,5.578414523133284
1272,2022-01-01,151568.0,65385.0,1243.6,29979.0,39919,15945,16276247.7,9764452.7,2109.19,40.12,4889.29,92535.64260916112,1.8553468268272644,False,7585310.749999998,1.6379418322102255,9.505675760426469,5.803426943189786
1273,2022-02-01,135978.5,57380.0,2446.2,32425.2,36298,14574,16412226.2,9821832.7,2049.29,87.36,4856.38,86018.60566399443,-7.042731602018937,False,7642690.749999998,1.5808033500468346,9.330211335254562,5.902196079593414
1274,2022-03-01,149330.4,60405.6,2760.6,35185.8,40309,19098,16561556.6,9882238.3,1948.57,89.05,4817.11,99649.0241567007,15.845895649540488,False,7703096.349999998,1.4985635962192063,7.819164310398994,5.217772759278495
1275,2022-04-01,152641.9,60775.5,3259.5,38445.3,40463,16978,16714198.5,9943013.8,2025.85,108.65,5088.06,101625.64190668936,1.983579635341326,False,7763871.849999998,1.502001828831278,8.990570149605372,5.9857251682582975
1276,2022-05-01,149717.6,61940.6,3643.6,42088.9,41004,16728,16863916.1,10004954.4,1998.08,117.54,4829.6,99111.4143292122,-2.47400904959173,False,7825812.449999997,1.510598965954541,8.95011956001913,5.9248812965813125
1277,2022-06-01,144009.4,59724.8,4087.8,46176.7,36807,15655,17007925.5,10064679.2,1990.83,136.26,4800.31,88749.63140604908,-10.454681726914938,False,7885537.249999997,1.6226478658950745,9.198939635899071,5.669091753819806
1278,2022-07-01,154548.4,56763.6,4010.9,50187.6,35076,15398,17162473.9,10121442.8,1831.08,129.38,4985.43,95500.27972855844,7.606395897717766,False,7942300.849999997,1.618303113239822,10.03691388492012,6.202122335924045
1279,2022-08-01,156249.0,58190.4,3940.5,54128.1,35767,14655,17318722.9,10179633.2,1877.11,127.11,5040.29,96039.1745545657,0.564286123076263,False,8000491.249999997,1.6269298515391284,10.661821903787104,6.553338420645902
1280,2022-09-01,155970.0,60229.333333333336,3501.2,57629.3,28842,12649,17437675.8,10231337.3,1965.93,116.71,5086.993333333333,66355.27050659426,0.5586536313560838,True,8060720.58333333,2.088250930356194,12.330619021266504,5.904759261456795
1281,2022-10-01,155691.0,62268.26666666666,5605.7,63235.0,37771,16738,17594084.4,10298506.0,2054.75,180.83,5133.696666666667,87953.30608750803,0.5530211396359045,True,8122988.849999997,1.6485734205254472,9.301648942525988,5.642241241255296
1282,2022-11-01,155412.0,64307.2,5689.3,68924.3,36593,17227,17749496.4,10362813.2,2143.57,189.64,5180.4,88434.75250049762,0.5473886479157253,False,8187296.049999997,1.757363430164239,9.021419864166717,5.133496981511443
1283,2022-12-01,155746.2,63542.2,5342.0,74266.3,35317,17552,17905242.6,10426355.4,2049.75,172.32,5024.07,86564.3390597115,-2.1150208350225075,False,8250838.249999997,1.7991958546875442,8.8734161349134,4.931878934577911
1524,1993-08-01,98455.2,28974.5,103.2,103.2,70649,18040,6704642.6,3116168.6,934.66,3.33,3175.97,240064.933814216,3.6239898475390886,False,2884606.9,0.4101190391937607,5.45760532150776,13.3073688367082
1525,1993-09-01,98812.2,26761.65,145.4,248.6,28446,9528,6751727.7,3127413.5,876.4749999999999,4.85,3240.805,119110.24149614492,3.706723284602688,True,2911368.55,0.9407878084792238,10.370717884130984,11.023439919884982
1526,1993-11-01,99169.2,24548.8,393.6,860.8,63842,19369,6950046.0,3178247.0,818.29,13.12,3305.64,257900.99990223555,3.789456721666285,False,2935917.35,0.3845242943516807,5.119995869688678,13.315142748837603
1527,1993-12-01,101509.8,25461.9,761.1,1621.9,66632,19342,7051555.8,3203708.9,821.35,24.55,3274.51,265644.00117823103,3.002315337641459,False,2961379.2499999995,0.3821272061471966,5.248154275669528,13.734050314250387
1528,1994-01-01,102450.7,24813.1,677.1,2299.0,64751,19977,7154006.5,3228522.0,800.42,21.84,3304.86,267350.1205290754,0.6422578124396061,False,2986192.35,0.3832079813439174,5.128432697602243,13.382896357264624
1529,1994-02-01,92856.4,23241.3,199.4,2498.4,56668,17520,7246862.9,3251763.3,830.05,7.12,3316.3,226406.7188668448,-15.31452523051241,False,3009433.6499999994,0.4101309380955742,5.300022831050228,12.922757926189773
1530,1994-03-01,102641.2,28701.6,202.9,2701.3,66065,19479,7349504.1,3280464.9,925.86,6.55,3311.01,236258.28797000865,4.351270648004824,False,3038135.2499999995,0.4344448649057746,5.269325940756712,12.128871501104197
1598,1999-11-01,111367.4,41939.5,132.1,2833.4,85892,18240,15381097.1,5988793.2,1397.98,4.4,3712.25,228080.18027873483,-2.2245228114934124,False,5746463.550000002,0.4882817957434918,6.105668859649122,12.504395848614848
1599,1999-12-01,126543.4,39128.7,237.5,3070.9,87389,18657,15507640.5,6027921.9,1262.22,7.66,4082.05,282618.6707608482,23.911981486274847,False,5785592.250000002,0.4477531497099177,6.782623144128209,15.148130501197844
1600,2000-01-01,125830.6,37861.3,239.7,3310.6,86098,18436,15633471.1,6065783.2,1221.33,7.73,4059.05,286143.4498762589,1.2471855118140418,False,5823453.550000002,0.4397465678645265,6.825265784334997,15.52090745694613
1601,2000-02-01,108772.8,38279.1,258.9,3569.5,80250,15792,15742243.9,6104062.3,1319.97,8.93,3750.79,228036.1137017328,-20.307064935316287,False,5861732.650000001,0.4769981308411214,6.887841945288754,14.439976804820974
1602,2000-03-01,118346.9,45766.8,299.0,3868.5,88581,17286,15860590.8,6149829.1,1476.35,9.65,3817.64,229058.766374315,0.4484608406893908,False,5907499.450000001,0.5166661022115352,6.84640171236839,13.251114565215492
1603,2000-04-01,124303.6,42291.2,242.8,4111.3,83338,19060,15984894.4,6192120.3,1409.71,8.09,4143.45,244949.62112212475,6.937457578830153,False,5949790.650000001,0.5074659819050132,6.521699895068206,12.851501632850196
1604,2000-05-01,142779.8,42651.0,245.5,4356.8,86562,20446,16127674.2,6234771.3,1375.84,7.92,4605.8,289777.6147710487,18.300903444375628,False,5992441.650000001,0.4927219796215429,6.983263229971632,14.172826703073888
1605,2000-06-01,126414.7,42359.9,189.2,4546.0,83609,18097,16254088.9,6277131.2,1412.0,6.31,4213.82,249514.43823757843,-13.894508920325654,False,6034801.550000002,0.5066428255331364,6.985395369398242,13.787613319200885
1606,2000-07-01,135354.3,46472.8,187.1,4733.1,88518,20373,16389443.2,6323604.0,1499.12,6.04,4366.27,257812.99873044016,3.325883885308522,False,6081274.3500000015,0.5250096025667096,6.643807981151523,12.65464088403476
1607,2000-08-01,140896.9,46125.7,208.2,4941.3,92771,20004,16530340.1,6369729.7,1487.93,6.72,4545.06,283380.9852186525,9.917260422910369,False,6127400.050000002,0.4971995558957001,7.043436312737453,14.16621601772908
1608,2000-09-01,127076.7,44144.4,202.2,5143.5,89127,17953,16657416.8,6413874.1,1471.48,6.74,4235.89,256566.29246065184,-9.462417789715447,False,6171544.450000002,0.4952977212292571,7.078298891550158,14.29099829892786
1609,2000-10-01,127080.3,43876.0,215.7,5359.2,94288,17926,16784497.1,6457750.1,1415.35,6.96,4099.36,273091.1506609536,6.4407752249201256,False,6215420.450000002,0.4653402341761412,7.0891609952025,15.23436074199228
1610,2000-11-01,101625.6,44196.4,259.5,5618.7,91516,15835,16886122.7,6501946.5,1473.21,8.65,3387.52,210432.71419391624,-22.944147518287284,False,6259616.850000002,0.4829363171467284,6.417783391221977,13.289088360840935
1611,2000-12-01,99338.3,47597.9,467.9,6086.6,94768,15749,16985461.0,6549544.4,1535.42,15.09,3204.46,197783.7680738016,-6.010921908491151,False,6307214.750000003,0.5022570910011819,6.307594132960823,12.558496925125503
1612,2001-01-01,96903.6,44764.0,598.3,6684.9,92825,16175,17082364.6,6594308.4,1444.0,19.3,3125.92,200944.43459029577,1.5980414102105822,False,6351978.750000003,0.4822407756531107,5.990948995363215,12.423148970033743
1613,2001-02-01,105466.7,38027.1,505.7,7190.6,82052,15811,17187831.3,6632335.5,1358.11,18.06,3766.67,227568.06773064472,13.249251313992191,False,6390005.850000002,0.463451226051772,6.6704636012902405,14.39302180321578
1614,2001-03-01,136300.4,37072.7,542.1,7732.7,84174,20088,17324131.7,6669408.2,1195.89,17.49,4396.79,309471.6562214244,35.99080895115867,False,6427078.550000003,0.4404293487300116,6.785165272799681,15.405797302938293
1615,2001-04-01,98746.6,38141.1,440.9,8173.6,88556,15504,17422878.3,6707549.3,1271.37,14.7,3291.55,229269.840397891,-25.91572255849811,False,6465219.650000002,0.4307003478025204,6.369104747162023,14.787786403372744
1616,2001-05-01,129109.9,37544.7,530.5,8704.1,90520,17817,17551988.2,6745094.0,1211.12,17.11,4164.84,311283.0345694599,35.77147086997463,False,6502764.350000002,0.4147669023420238,7.246444407026996,17.47112502494583
1617,2001-06-01,143193.4,35643.2,553.6,9257.7,80993,19395,17695181.6,6780737.2,1188.11,18.45,4773.11,325382.20603649504,4.529373560796812,False,6538407.550000003,0.4400775375649747,7.383005929363238,16.77660252830601
1618,2001-07-01,145753.1,37512.9,509.8,9767.5,85218,19048,17840934.7,6818250.1,1210.09,16.45,4701.71,331107.1038442776,1.7594378861456317,False,6575920.450000003,0.4401992536788002,7.651884712305754,17.382775296318645
1619,2001-08-01,149789.5,38835.1,515.5,10283.0,89895,19350,17990724.2,6857085.2,1252.75,16.63,4831.92,346730.8466438866,4.718637147379656,False,6614755.550000003,0.4320051170810389,7.741059431524548,17.918906803301635
1620,2001-09-01,143486.1,37878.6,455.8,10738.8,90201,18533,18134210.3,6894963.8,1262.62,15.19,4782.87,341686.0630039125,-1.4549566872414377,False,6652634.150000002,0.4199354774337313,7.742195003507257,18.436629957584444
1621,2001-10-01,100085.1,43276.1,558.3,11297.1,96918,14898,18234295.4,6938239.9,1396.0,18.01,3228.55,224143.29668801028,-34.40080794707635,False,6695910.250000002,0.4465228337357353,6.718022553362868,15.04519376345887
1622,2001-11-01,74198.7,45404.3,557.2,11854.3,101237,13510,18308494.1,6983644.2,1513.48,18.57,2473.29,165439.25997978164,-26.19040478821011,False,6741314.550000002,0.4484951154222271,5.492131754256106,12.245689117674436
1623,2001-12-01,85937.6,45455.8,528.5,12382.8,99144,13455,18394431.7,7029100.0,1466.32,17.05,2772.18,187439.16979571365,13.29787731075478,False,6786770.3500000015,0.4584826111514565,6.387038275733929,13.930819011201311
1624,2002-01-01,88071.4,45232.1,544.8,12927.6,94509,13992,18482503.1,7074332.1,1459.1,17.57,2841.01,184018.42812073728,-1.824987636631448,False,6832002.450000001,0.4786009798008655,6.294411092052601,13.151688687874303
1625,2002-02-01,97969.2,39737.5,408.5,13336.1,86421,13776,18580472.3,7114069.6,1419.2,14.59,3498.9,213063.13263793645,15.783584727798306,False,6871739.950000001,0.4598130084123072,7.111585365853658,15.46625527278865
1626,2002-03-01,121400.75,38601.35,403.6,13739.7,92634,16788,18717175.4,7156249.4,1334.02,13.02,4163.32,300223.21029023366,13.571104118191313,True,6910341.300000001,0.4167082280804024,7.231400405051227,17.35362999277267
1627,2002-04-01,144832.3,37465.2,439.5,14179.2,86483,19799,18862007.7,7193714.6,1248.84,14.65,4827.74,334324.4344324867,11.35862350858432,False,6947806.500000001,0.4332088387313113,7.315132077377645,16.885925270593802
1628,2002-05-01,134602.9,36164.6,467.9,14647.1,89357,22851,18996610.6,7229879.2,1166.6,15.09,4342.03,332582.45177051594,-0.521045572073664,False,6983971.100000001,0.4047203912396342,5.8904599361078285,14.55439375828261
1629,2002-06-01,123846.7,36231.1,363.3,15010.4,90049,19223,19120457.3,7266110.3,1207.7,12.11,4128.22,307809.3540715021,-7.448708603575826,False,7020202.2,0.4023487212517629,6.442631223014097,16.0125554841337
1630,2002-07-01,125726.2,35654.5,448.2,15458.6,91880,20664,19246183.5,7301764.8,1150.15,14.46,4055.68,323990.61145156994,5.256908916520131,False,7055856.7,0.3880550718328254,6.084310878823074,15.678988165484414
1631,2002-08-01,126783.8,37301.0,483.7,15942.3,93406,20668,19372967.3,7339065.8,1203.26,15.6,4089.8,317481.2370392215,-2.0091243950510096,False,7093157.7,0.399342654647453,6.13430423843623,15.361004308071486
1632,2002-09-01,112591.4,35152.1,616.6,16558.9,85676,18626,19485558.7,7374217.9,1171.74,20.55,3753.05,274418.3359287212,-13.563920032597188,False,7128309.8,0.4102910966898548,6.044851283152582,14.733079347617371
1633,2002-10-01,129874.3,38342.8,696.7,17255.6,92474,19464,19615433.0,7412560.7,1236.86,22.47,4189.49,313226.8905296431,14.142114253984197,False,7166652.6,0.4146333023336289,6.672539046444719,16.092626928156758
1634,2002-11-01,113584.8,39230.2,426.5,17682.1,91505,17364,19729017.8,7451790.9,1307.67,14.22,3786.16,264938.163047856,-15.416533171891622,False,7205882.8,0.4287219277635101,6.54139599170698,15.257899277116795
1635,2002-12-01,128938.1,39133.3,775.6,18457.7,95086,16346,19857955.9,7490924.2,1262.36,25.02,4159.29,313293.49113414914,18.25155256230815,False,7245016.1,0.411556906379488,7.88805212284351,19.166370435222635
1636,2003-01-01,130982.4,35799.9,721.6,19179.3,89891,16009,19988938.3,7526724.1,1154.84,23.28,4225.24,328887.480646594,4.977438074437246,False,7280816.0,0.398259002569779,8.181797738771941,20.543911590142667
1637,2003-02-01,126626.7,32786.1,560.0,19739.3,80061,14784,20115565.0,7559510.2,1170.93,20.0,4522.38,309212.1426061654,-5.982391911588369,False,7313602.1,0.4095139955783715,8.565117694805195,20.91532349879365
1638,2003-03-01,141737.5,36584.7,621.8,20361.1,86155,17136,20257302.5,7596094.9,1180.15,20.06,4572.18,333784.18608052004,7.946661883085038,False,7350186.8,0.4246381521676048,8.271329365079366,19.478535602271243
1639,2003-04-01,138932.8,38333.4,523.7,20884.8,86439,20136,20396235.3,7634428.3,1277.78,17.46,4631.09,313283.25426912296,-6.141972168343401,False,7388520.2,0.4434734321313296,6.899721891140246,15.558365825840434
1640,2003-05-01,113854.6,38101.4,570.6,21455.4,90564,18480,20510089.9,7672529.7,1229.08,18.41,3672.73,270623.33652831655,-13.617043732621536,False,7426621.600000001,0.4207124243628815,6.160963203463203,14.64411994200847
1641,2003-06-01,117195.9,36924.8,521.5,21976.9,87950,18351,20627285.8,7709454.5,1230.83,17.38,3906.53,279145.16544436256,3.1489630662928203,False,7463546.4,0.4198385446276294,6.386349517737453,15.211441635026024
1642,2003-07-01,124143.5,40665.4,516.4,22493.3,93550,18720,20751429.3,7750119.9,1311.79,16.66,4004.63,285589.8239043511,2.3087121891326667,False,7504211.800000001,0.4346916087653661,6.631597222222222,15.255866661557215
1643,2003-08-01,118825.3,44228.1,456.6,22949.9,94734,18840,20870254.6,7794348.0,1426.71,14.73,3833.07,254516.8336464827,-10.88028622065864,False,7548439.9,0.4668661726518462,6.307075371549894,13.50938607465407
1644,2003-09-01,113957.6,43597.7,523.8,23473.7,94711,17880,20984212.2,7837945.7,1453.26,17.46,3798.59,247559.8082834645,-2.7334244510841765,False,7592037.600000001,0.4603235104686889,6.373467561521253,13.845626861491306
1645,2003-10-01,142035.4,43808.8,564.5,24038.2,97072,18432,21126247.6,7881754.5,1413.19,18.21,4581.79,314723.5338288197,27.13030277857158,False,7635846.4,0.4513021262567991,7.705913628472222,17.074844500261488
1646,2003-11-01,143174.4,40204.8,656.4,24694.6,91842,19224,21269422.0,7921959.3,1340.16,21.88,4772.48,327061.02865329507,3.9201055842191135,False,7676051.2,0.4377605017312341,7.447690387016229,17.013162123038654
1647,2003-12-01,148615.3,40752.6,726.5,25421.1,89440,20208,21418037.3,7962711.9,1314.6,23.44,4794.04,326166.9790884508,-0.2733586353976913,False,7716803.8,0.4556417710196779,7.354280482977038,16.140487880465695
1648,2004-01-01,146614.6,39776.0,607.7,26028.8,87563,19512,21564651.9,8002487.9,1283.1,19.6,4729.5,322757.79917035403,-1.045225340598388,False,7756579.8,0.4542557929719173,7.514073390733907,16.541502622506865
1649,2004-02-01,133875.9,38565.6,508.3,26537.1,79023,18528,21698527.8,8041053.5,1329.85,17.53,4616.41,274318.95901269524,-15.007798504690015,False,7795145.399999999,0.4880300671956266,7.225599093264249,14.805643297317316
1650,2004-03-01,134151.3,41472.0,635.6,27172.7,89345,18384,21832679.1,8082525.5,1337.81,20.5,4327.46,289008.1958550347,5.354801904763584,False,7836617.399999999,0.4641781856847053,7.297176892950391,15.720637285413115
1651,2004-04-01,130226.1,38272.5,484.5,27657.2,82668,17752,21962905.2,8120798.0,1275.75,16.15,4340.87,281286.3344385656,-2.671848593644155,False,7874889.899999999,0.4629663231238206,7.33585511491663,15.84533204363258
1652,2004-05-01,112569.7,41890.5,549.3,28206.5,89777,16824,22075474.9,8162688.5,1351.31,17.72,3631.28,241252.0728303553,-14.232565434832376,False,7916780.399999999,0.4666061463403767,6.691018782691393,14.339757063145228
1653,2004-06-01,126857.5,38051.4,500.4,28706.9,80187,18528,22202332.4,8200739.9,1268.38,16.68,4228.58,267331.0930084044,10.809863671674002,False,7954831.8,0.474533278461596,6.846799438687392,14.428491634736853
1654,2004-07-01,121876.4,39770.8,387.1,29094.0,84480,19776,22324208.8,8240510.7,1282.93,12.49,3931.5,258886.3757329498,-3.158898271211996,False,7994602.6,0.4707717803030303,6.162843851132686,13.090937284230874
1655,2004-08-01,111766.3,41960.9,305.3,29399.3,89421,18450,22435975.1,8282471.6,1353.58,9.85,3605.36,238180.170403876,-7.998182704845358,False,8036563.5,0.4692510707775578,6.057794037940379,12.909494330833386
1656,2004-09-01,101519.8,40695.1,626.4,30025.7,86782,16476,22537494.9,8323166.7,1356.5,20.88,3383.99,216490.2232357213,-9.106529368660564,False,8077258.6,0.4689348021479108,6.161677591648458,13.139731927392647
1657,2004-10-01,105735.2,40010.6,617.6,30643.3,88750,16800,22643230.1,8363177.3,1290.66,19.92,3410.81,234537.8224770436,8.336450012189033,False,8117269.199999999,0.450823661971831,6.293761904761904,13.960584671252594
1658,2004-11-01,107414.5,37137.2,463.1,31106.4,84964,16126,22750644.6,8400314.5,1237.91,15.44,3580.48,245747.2716844566,4.779378050425165,False,8154406.399999999,0.4370933571865731,6.660951258836661,15.239195813249198
1659,2004-12-01,121265.9,37238.2,362.4,31468.8,83519,19360,22871910.5,8437552.7,1201.23,11.69,3911.8,271978.95446342736,10.674251884534725,False,8191644.6,0.4458650127515894,6.263734504132231,14.048499714020007
1660,2005-01-01,130655.7,37432.4,395.2,31864.0,85722,19548,23002566.2,8474985.1,1207.5,12.75,4214.7,299207.84976116946,10.011397886082962,False,8229077.0,0.4366720328503768,6.683839779005525,15.306315211846195
1661,2005-02-01,112475.7,35919.0,246.4,32110.4,81649,16440,23115041.9,8510904.1,1282.82,8.8,4016.99,255673.27679779503,-14.549943458409976,False,8264996.0,0.4399196560888682,6.841587591240876,15.551902481617702
1662,2005-03-01,137099.9,40133.4,213.3,32323.7,93069,18736,23252141.8,8551037.5,1294.63,6.88,4422.58,317933.4567492413,24.35146165106888,False,8305129.4,0.4312219965831802,7.317458368915457,16.969121303866423
1663,2005-04-01,132685.6,36792.5,235.5,32559.2,87755,18624,23384827.4,8587830.0,1226.42,7.85,4422.85,316472.78189848474,-0.4594278518817773,False,8341921.9,0.4192638596091391,7.124441580756014,16.992739577882556
1664,2005-05-01,143647.0,37166.4,242.8,32802.0,88243,19818,23528474.4,8624996.4,1198.92,7.83,4633.77,341056.4978313746,7.768034832384285,False,8379088.300000001,0.4211824167356051,7.248309617519427,17.209430711039186
1665,2005-06-01,130631.6,35357.4,152.2,32954.2,82152,18360,23659106.0,8660353.8,1178.58,5.07,4354.39,303519.12762816274,-11.006202914149164,False,8414445.700000001,0.4303900087642419,7.115010893246188,16.531542899137403
1666,2005-07-01,143879.1,38975.3,105.5,33059.7,88853,20343,23802985.1,8699329.1,1257.27,3.4,4641.26,328004.90752604854,8.067293843794587,False,8453421.000000002,0.4386492296264617,7.072658899867276,16.123723517969253
1667,2005-08-01,134491.6,38200.2,518.0,33577.7,86418,20016,23937476.7,8737529.3,1232.26,16.71,4338.44,304252.20519264304,-7.241569192533859,False,8491621.200000001,0.4420398528084426,6.719204636290968,15.200449899712382
1668,2005-09-01,142115.5,37539.8,705.8,34283.5,85114,20256,24079592.2,8775069.1,1251.33,23.53,4737.18,322218.5165344514,5.905071856564725,False,8529161.000000002,0.4410531757407712,7.0159705766192735,15.907312230176316
1669,2005-10-01,147726.8,40023.2,395.2,34678.7,87612,20832,24227319.0,8815092.3,1291.07,12.75,4765.38,323378.4505386875,0.3599836585158167,False,8569184.200000001,0.4568232662192393,7.091340245775729,15.523159108039918
1670,2005-11-01,142450.7,39711.7,608.8,35287.5,89029,20160,24369769.7,8854804.0,1323.72,20.29,4748.36,319357.8560046536,-1.2433093569891085,False,8608895.9,0.446053533118422,7.066006944444445,15.841163492294324
1671,2005-12-01,146467.3,40738.5,529.3,35816.8,83863,20688,24516237.0,8895542.5,1314.15,17.07,4724.75,301512.99581231514,-5.587731711249477,False,8649634.4,0.4857744178004602,7.079819218870843,14.57429407445452
1672,2006-01-01,141703.9,40173.6,541.0,36357.8,92031,20352,24657940.9,8935716.1,1295.92,17.45,4571.09,324619.9399829739,7.663664416323312,False,8689808.0,0.4365224761221762,6.962652319182389,15.950272208282914
1673,2006-02-01,129513.1,36269.5,249.7,36607.5,78435,18144,24787454.0,8971985.6,1295.34,8.92,4625.47,280079.9569472973,-13.720655310949992,False,8726077.5,0.4624147383183528,7.138067680776015,15.436505563673794
1674,2006-03-01,136065.0,38133.0,244.5,36852.0,84304,20088,24923519.0,9010118.6,1230.1,7.89,4389.19,300810.9448509165,7.4018105863677075,False,8764210.5,0.4523272917062061,6.773446833930705,14.97465874407191
1675,2006-04-01,127774.9,35306.6,295.8,37147.8,115095,19392,25051293.9,9045425.2,1176.89,9.86,4259.16,416529.8305557601,38.46897451227864,False,8799517.1,0.3067605021938399,6.589052186468646,21.47946733476485
1676,2006-05-01,120139.3,37616.2,313.8,37461.6,124861,19405,25171433.2,9083041.4,1213.43,10.12,3875.46,398783.3204124819,-4.260561631228121,False,8837133.299999999,0.3012646062421412,6.191151765009018,20.55054472622942
1677,2006-06-01,111738.3,36528.7,307.4,37769.0,115284,17064,25283171.5,9119570.1,1217.62,10.25,3724.61,352644.309192498,-11.56994509506064,False,8873661.999999998,0.3168583671628326,6.548189170182841,20.66598155136533
1678,2006-07-01,124218.95,38091.2,297.8,38066.8,97673,10320,25334388.5,9158923.4,1269.705,9.61,4140.63,127118.13344751264,0.6671814231438713,True,8911753.199999997,0.3899869974302007,12.036719961240312,30.86441353315792
1679,2006-09-01,136699.6,39653.7,262.2,38601.7,87139,17596,25589776.2,9239320.2,1321.79,8.74,4556.65,300397.351177822,12.904307941348382,False,8951406.899999997,0.4550626011315254,7.768788360991135,17.07191129676188
1680,2006-10-01,137994.3,36519.1,310.4,38912.1,89089,18700,25727770.5,9275839.3,1178.04,10.01,4451.43,336639.5719691887,12.06476044121738,False,8987925.999999996,0.4099170492428919,7.379374331550801,18.00211614808496
1681,2006-11-01,143846.8,35999.5,317.9,39230.0,85239,19375,25871617.3,9311838.8,1199.98,10.6,4794.89,340597.9912276559,1.175862729183108,False,9023925.499999996,0.4223360198969955,7.424350967741935,17.57925116013708
1682,2006-12-01,154655.7,38927.2,305.1,39535.1,91364,19513,26026273.0,9350766.0,1255.72,9.84,4988.89,362984.3239380177,6.572655531429361,False,9062852.699999996,0.4260671599317017,7.9257776866704255,18.60217926192885
1683,2007-01-01,153835.0,38695.8,338.0,39873.1,92647,20003,26180108.0,9389461.8,1248.25,10.9,4962.42,368317.7824208312,1.4693357622033831,False,9101548.499999996,0.4176692175677572,7.6905964105384195,18.41312715196877
1684,2007-02-01,146634.5,36705.6,301.1,40174.2,83803,18664,26326742.5,9426167.4,1310.91,10.75,5236.95,334783.003233839,-9.104849341397292,False,9138254.099999996,0.4379986396668376,7.856542006000857,17.937366225559312
1685,2007-03-01,155250.6,40074.1,376.0,40550.2,91512,21248,26481993.1,9466241.5,1292.71,12.13,5008.08,354525.56407255563,5.897121612511147,False,9178328.199999996,0.4379108750764927,7.30659826807229,16.685126321185788
1686,2007-04-01,144551.2,36729.3,358.6,40908.8,81522,19700,26626544.3,9502970.8,1224.31,11.95,4818.37,320836.5780562113,-9.502554802916752,False,9215057.499999996,0.4505446382571576,7.337624365482234,16.28612071351326
1687,2007-05-01,112935.7,36689.4,380.9,41289.7,86019,18840,26739480.0,9539660.2,1183.53,12.29,3643.09,264779.9085921274,-17.472031962098367,False,9251746.899999997,0.4265266975900673,5.994463906581741,14.054135275590626
1688,2007-06-01,108801.4,34082.6,426.3,41716.0,81908,17566,26848281.4,9573742.8,1136.09,14.21,3626.71,261473.7452893852,-1.2486458358270225,False,9285829.499999996,0.4161083166479464,6.193863144711374,14.88521833595498
1689,2007-07-01,126965.0,34858.5,407.9,42123.9,85996,18008,26975246.4,9608601.3,1124.47,13.16,4095.65,313222.94820488547,19.79135720040537,False,9320687.999999996,0.4053502488487837,7.050477565526433,17.3935444360776
1690,2007-08-01,128457.9,33452.5,353.9,42477.8,85196,18264,27103704.3,9642053.8,1079.11,11.42,4143.8,327153.4040325835,4.447456965568764,False,9354140.499999996,0.3926534109582609,7.033393561103811,17.912472844534797
1691,2007-09-01,132148.4,33830.8,486.3,42964.1,82995,17177,27235852.7,9675884.6,1127.69,16.21,4404.95,324191.4603852111,-0.9053684329316748,False,9387971.299999995,0.4076245556961263,7.693334109565116,18.87357864500268
1692,2007-10-01,118000.4,35215.3,413.5,43377.6,89631,17532,27353853.1,9711099.9,1135.98,13.34,3806.46,300338.0306968845,-7.357821720530023,False,9423186.599999998,0.3928919681806518,6.730572667122975,17.13084820310772
1693,2007-11-01,115780.8,34658.1,687.8,44065.4,87155,17280,27469633.9,9745758.0,1155.27,22.93,3859.36,291154.899547292,-3.0575985093478364,False,9457844.699999996,0.3976604899317308,6.700277777777778,16.84924187194977
1694,2007-12-01,117319.7,33334.9,753.9,44819.3,89811,17064,27586953.6,9779092.9,1075.32,24.32,3784.51,316083.1313938245,8.56184521891703,False,9491179.599999998,0.3711672289585908,6.87527543366151,18.523390259835
1695,2008-01-01,117808.2,32375.3,630.0,45449.3,86776,17280,27704761.8,9811468.2,1044.36,20.32,3800.26,315763.07750661764,-0.1012562378117087,False,9523554.9,0.3730904858486217,6.8176041666666665,18.27332624459593
1696,2008-02-01,99244.2,28521.2,313.1,45762.4,81063,17632,27804006.0,9839989.4,983.49,10.8,3422.21,282072.0230775704,-10.66972576245593,False,9552076.099999998,0.3518399269703811,5.62864110707804,15.997732706305031
1697,2008-03-01,111980.8,35187.0,619.4,46381.8,91589,19174,27915986.8,9875176.4,1135.06,19.98,3612.28,291477.2356608975,3.3343301759283905,False,9587263.099999998,0.3841836901811353,5.840241994367372,15.201691648111897
1698,2008-04-01,112970.1,35083.1,671.6,47053.4,85986,17736,28028956.9,9910259.5,1169.44,22.39,3765.67,276881.0914257862,-5.0076446628896765,False,9622346.199999996,0.4080094433977624,6.36953653585927,15.611247825089436
1699,2008-05-01,106454.2,34453.4,695.7,47749.1,88795,18840,28135411.1,9944712.9,1111.4,22.44,3434.01,274359.00924146816,-0.910890003839082,False,9656799.599999998,0.3880105861816544,5.650435244161359,14.562580108358182
1700,2008-06-01,111478.5,34928.7,657.6,48406.7,84316,17400,28246889.6,9979641.6,1164.29,21.92,3715.95,269103.0930438293,-1.9157075294046644,False,9691728.299999995,0.414259452535699,6.406810344827586,15.465695002518926
1701,2008-07-01,122203.7,37004.9,612.0,49018.7,92005,16449,28369093.3,10016646.5,1193.71,19.74,3942.05,303834.1251699099,12.906218108917788,False,9728733.199999996,0.4022053149285365,7.429247978600522,18.47128245911058
1702,2008-08-01,121160.4,37799.1,519.3,49538.0,95295,17272,28490253.7,10054445.6,1219.33,16.75,3908.4,305456.48753541755,0.5339631829046176,False,9766532.299999995,0.3966535495041712,7.014844835572024,17.68506759700194
1703,2008-09-01,125224.1,36227.6,599.4,50137.4,95244,18608,28615477.8,10090673.2,1207.59,19.98,4174.14,329219.82633130543,7.779615023934472,False,9802759.899999997,0.3803662172945277,6.729584049871024,17.69238103672106
1704,2008-10-01,116276.7,37500.0,628.0,50765.4,96841,18887,28731754.5,10128173.2,1209.68,20.26,3750.86,300276.050792,-8.791625905961787,False,9840259.899999997,0.3872326803729825,6.156440938211468,15.898557250595648
1705,2008-11-01,122456.7,34665.2,604.6,51370.0,92789,18694,28854211.2,10162838.4,1155.51,20.15,4081.89,327782.1774084673,9.160279863784648,False,9874925.099999996,0.3735916972917048,6.550588424093292,17.534084594440316
1706,2008-12-01,132892.9,34087.3,426.7,51796.7,93367,20508,28987104.1,10196925.7,1099.59,13.76,4286.87,364001.0031389989,11.049662924594394,False,9909012.399999997,0.3650893784741932,6.480051687146479,17.749219969719082
1707,2009-01-01,119191.1,32272.3,624.3,52421.0,92412,19848,29106295.2,10229198.0,1041.04,20.14,3844.87,341304.70816148835,-6.235228689423056,False,9941284.699999996,0.3492219625156906,6.005194478033052,17.19592443377108
1708,2009-02-01,102211.4,29563.0,542.2,52963.2,82808,17544,29208506.6,10258761.0,1055.82,19.36,3650.41,286301.1741433549,-16.115668112057968,False,9970847.699999996,0.3570065694135832,5.826003191974464,16.319036373880238
1709,2009-03-01,116943.6,35922.6,680.8,53644.0,95121,19759,29325450.2,10294683.6,1158.79,21.96,3772.37,309659.99609159696,8.158828554627572,False,10006770.299999995,0.3776516226700728,5.91849789969128,15.671845543377549
1710,2009-04-01,116671.1,33538.9,612.3,54256.3,92402,19701,29442121.3,10328222.5,1117.96,20.41,3889.04,321436.9875636947,3.8032008075767454,False,10040309.199999996,0.3629672517910868,5.922090249225928,16.315770141804716
1711,2009-05-01,128682.3,36632.5,677.2,54933.5,94147,21144,29570803.6,10364855.0,1181.69,21.85,4151.04,330718.6923660684,2.887565887399446,False,10076941.699999996,0.3890989622611448,6.085996027241771,15.641254841376677
1712,2009-06-01,118838.8,32634.7,541.6,55475.1,92060,20774,29689642.4,10397489.7,1087.82,18.05,3961.29,335235.1922340331,1.3656621086798104,False,10109576.399999997,0.3544938083858353,5.720554539328006,16.137248109850443
1713,2009-07-01,132256.5,33775.1,660.8,56135.9,94588,21991,29821898.9,10431264.8,1089.52,21.32,4266.34,370387.5879568085,10.485890663362962,False,10143351.499999996,0.3570759504376876,6.014119412486926,16.84268964380012
1714,2009-08-01,133576.1,35055.5,247.9,56383.8,94632,21480,29955475.0,10466320.3,1130.82,8.0,4308.91,360587.4540428749,-2.645913154918233,False,10178406.999999996,0.3704402316341195,6.218626629422719,16.78712542099045
1715,2009-09-01,126895.4,33337.0,536.9,56920.7,91777,20493,30082370.4,10499657.3,1111.23,17.9,4229.85,349343.94593994657,-3.1181085134458053,False,10211743.999999996,0.3632391557797705,6.192133899380276,17.04698901771076
1716,2009-10-01,131619.3,32982.3,630.1,57550.8,94913,21190,30213989.7,10532639.6,1063.95,20.33,4245.78,378760.20231760666,8.420428268339553,False,10244726.299999995,0.3475003424188467,6.211387446908919,17.874478636980022
1717,2009-11-01,126119.4,31984.6,572.2,58123.0,94659,20052,30340109.1,10564624.2,1066.15,19.07,4203.98,373252.636725174,-1.4541035617607778,False,10276710.899999997,0.3378928575201512,6.289616995810891,18.61423482571185
1718,2009-12-01,131808.8,32774.8,485.3,58608.3,92413,21576,30471917.9,10597399.0,1057.25,15.65,4251.9,371652.81357628416,-0.4286167039371347,False,10309485.699999996,0.3546557302544014,6.109047089358546,17.225287985552658
1719,2010-01-01,132514.9,32011.7,464.2,59072.5,91482,21456,30604432.8,10629410.7,1032.64,14.97,4274.67,378696.79154184245,1.8953113519514453,False,10341497.399999997,0.3499234822150806,6.176123228933632,17.649925034575062
1720,2010-02-01,120133.9,28582.3,529.0,59601.5,83499,19488,30724566.7,10657993.0,1020.8,18.89,4290.5,350953.5802262239,-7.325969465614857,False,10370079.699999996,0.3423070934981257,6.164506362889983,18.008701776797203
1721,2010-03-01,117224.3,32604.9,529.2,60130.7,92596,19824,30841791.0,10690597.9,1051.77,17.07,3781.43,332910.1234108984,-5.141265920038418,False,10402684.599999998,0.3521199619853989,5.913251614205004,16.793287096998505
1722,2010-04-01,109217.5,31729.1,422.9,60553.6,87874,17344,30951008.5,10722327.0,1057.64,14.1,3640.58,302478.75278529804,-9.14101689483322,False,10434413.699999996,0.3610749482213168,6.297134455719557,17.43996498992724
1723,2010-05-01,124756.0,32127.7,393.5,60947.1,92773,19417,31075764.5,10754454.7,1036.38,12.69,4024.39,360249.5163986217,19.09911459279583,False,10466541.399999997,0.3463044204671618,6.425091414739661,18.55330465049296
1724,2010-06-01,111727.6,30507.7,268.4,61215.5,88481,17271,31187492.1,10784962.4,1016.92,8.95,3724.25,324041.7919279395,-10.050735066252749,False,10497049.099999996,0.3447937975384545,6.469086908690869,18.762190488561146
1725,2010-07-01,122379.7,31515.7,237.8,61453.3,95332,19592,31309871.8,10816478.1,1016.64,7.67,3947.73,370186.972220195,14.24050275049622,False,10528564.799999995,0.3305888893550959,6.246411800734994,18.89480258371759
1726,2010-08-01,127884.1,31158.8,313.6,61766.9,97035,20365,31437755.9,10847636.9,1005.12,10.12,4125.29,398257.752015482,7.582865390138549,False,10559723.599999996,0.3211088782398104,6.279602258777314,19.55599076923555
1727,2010-09-01,124706.9,29599.9,385.6,62152.5,92897,20200,31562462.8,10877236.8,986.66,12.85,4156.9,391382.9739053172,-1.7262132564584864,False,10589323.499999996,0.3186313874506173,6.1736089108910885,19.37539474778798
1728,2010-10-01,142703.0,30332.0,352.9,62505.4,97295,22631,31705165.8,10907568.8,978.45,11.38,4603.32,457743.9135236714,16.955499866585445,False,10619655.499999996,0.3117529163883036,6.305642702487738,20.226411273194795
1729,2010-11-01,136468.5,30565.3,353.7,62859.1,93960,21584,31841634.3,10938134.1,1018.84,11.79,4548.95,419514.29431414057,-8.35174823303333,False,10650220.799999995,0.3253011919965943,6.3226695700518905,19.43635537037345
1730,2010-12-01,141904.0,32286.5,475.2,63334.3,100667,23136,31983538.3,10970420.6,1041.5,15.33,4577.55,442446.5323896985,5.466378234631941,False,10682507.299999995,0.3207257591862278,6.133471645919779,19.123726330813387
1731,2011-01-01,135555.3,34110.8,430.1,63764.4,100238,23317,32119093.6,11004531.4,1100.35,13.87,4372.75,398342.8169787867,-9.968145794408912,False,10716618.099999998,0.3402980905445041,5.813582364798215,17.083793668944832
1732,2011-02-01,117863.9,29527.5,294.1,64058.5,88482,20198,32236957.5,11034058.9,1054.55,10.5,4209.43,353190.53762763523,-11.33503038754582,False,10746145.599999998,0.3337119414118126,5.835424299435587,17.486411408438222
1733,2011-03-01,136631.7,30573.8,467.4,64525.9,97292,21762,32373589.2,11064632.7,986.25,15.08,4407.47,434789.6354525771,23.103421278791703,False,10776719.4,0.3142478312708136,6.278453267162945,19.979305001956487
1734,2011-04-01,138508.5,30869.6,469.0,64994.9,95982,23650,32512097.7,11095502.3,1028.99,15.63,4616.95,430660.6773978283,-0.9496450048656068,False,10807588.999999998,0.3216186368277385,5.856596194503172,18.209753801176674
1735,2011-05-01,132229.3,30930.1,537.8,65532.7,99269,23736,32644327.0,11126432.4,997.75,17.35,4265.46,424384.99654705287,-1.457221701478495,False,10838519.099999998,0.3115786398573573,5.570833333333333,17.87938138469215
1736,2011-06-01,111952.7,28364.8,585.3,66118.0,91329,22126,32756279.7,11154797.2,945.49,19.51,3731.76,360465.3703992272,-15.061707333647156,False,10866883.9,0.3105782391135345,5.059780348910784,16.291483792788
1737,2011-07-01,126720.4,28873.7,638.5,66756.5,92503,22437,32883000.1,11183670.9,931.41,20.6,4087.75,405975.5819725217,12.625404632597691,False,10895757.599999998,0.3121379847140093,5.647831706556135,18.094022461671425
1738,2011-08-01,131756.2,29578.8,558.2,67314.7,90346,23009,33014756.3,11213249.7,954.15,18.01,4250.2,402438.42364125664,-0.8712736648049058,False,10925336.4,0.3273946826644234,5.726289712721109,17.49047866666333
1739,2011-09-01,134624.5,28000.3,316.3,67631.0,90340,22944,33149380.8,11241250.0,933.34,10.54,4487.48,434351.6794462917,7.929972370998861,False,10953336.7,0.3099435466017268,5.867525278940028,18.930948371961808
1740,2011-10-01,142417.6,29207.9,654.7,68285.7,97905,25638,33291798.4,11270457.9,942.19,21.12,4594.12,477384.3764187086,9.907339837450312,False,10982544.6,0.2983289923905827,5.554941883142211,18.62018786249741
1741,2011-11-01,136422.4,26911.7,649.8,68935.5,95235,24030,33428220.8,11297369.6,897.06,21.66,4547.41,482770.9607345504,1.128353708651164,False,11009456.3,0.2825820339161022,5.677170203911777,20.09034376756348
1742,2011-12-01,140905.8,27259.7,577.1,69512.6,96571,25656,33569126.6,11324629.3,879.35,18.62,4545.35,499176.95395767374,3.398297444850696,False,11036715.999999998,0.2822762527052635,5.49211880261927,19.45653858581516
1743,2012-01-01,122546.6,27065.8,609.4,70122.0,99485,24264,33691673.2,11351695.1,873.09,19.66,3953.12,450441.0917467801,-9.763243640255492,False,11063781.8,0.2720591043875961,5.050552258489944,18.56417292065529
1744,2012-02-01,120180.4,24719.3,454.7,70576.7,93222,23025,33811853.6,11376414.4,852.39,15.68,4144.15,453227.1241014106,0.6185120331332339,False,11088501.1,0.2651659479522001,5.219561346362649,19.684131339909257
1745,2012-03-01,125980.3,27561.6,609.5,71186.2,103162,23038,33937833.9,11403976.0,889.08,19.66,4063.88,471539.3775615349,4.04041428377242,False,11116062.7,0.2671681433085826,5.4683696501432415,20.46789554481877
1746,2012-04-01,128527.3,27359.0,565.9,71752.1,98506,23832,34066361.2,11431335.0,911.97,18.86,4284.24,462762.1701743485,-1.861394361712876,False,11143421.7,0.2777394270399773,5.393055555555556,19.41768085659401
1747,2012-05-01,130134.7,27188.5,581.6,72333.7,102022,25003,34196495.9,11458523.5,877.05,18.76,4197.89,488316.83849421627,5.522203405312909,False,11170610.2,0.2664964419438944,5.204763428388593,19.53032990018063
1748,2012-06-01,111503.1,24951.7,469.8,72803.5,93288,22939,34307999.0,11483475.2,831.72,15.66,3716.77,416881.4626979325,-14.628898732340136,False,11195561.9,0.2674695566417974,4.860852696281443,18.173480217007388
1749,2012-07-01,102486.5,25412.7,538.1,73341.6,100921,22452,34410485.5,11508887.9,819.76,17.36,3306.02,407002.80043049343,-2.369657360993516,False,11220974.599999998,0.2518078497042241,4.564693568501692,18.12768574873033
1750,2012-08-01,126942.6,25925.4,616.8,73958.4,100926,25572,34537428.1,11534813.3,836.3,19.9,4094.92,494179.7946261196,21.419261514519693,False,11246899.999999998,0.2568753344034243,4.964124824026279,19.3250349845972
1751,2012-09-01,124711.1,25942.5,500.6,74459.0,95909,24744,34662139.2,11560755.8,864.75,16.69,4157.04,461054.9056528862,-6.703003508731998,False,11272842.499999998,0.270490777716377,5.040054154542515,18.632998126935263
1752,2012-10-01,127284.4,25489.8,460.2,74919.2,99036,25662,34789423.6,11586245.6,822.25,14.85,4105.95,494540.47652001976,7.262816305948561,False,11298332.3,0.2573791348600509,4.960034291949185,19.27131464889797
1753,2012-11-01,126503.5,25323.0,505.8,75425.0,97293,25222,34915927.1,11611568.6,844.1,16.86,4216.78,486036.6080440706,-1.7195495373380054,False,11323655.3,0.2602756621750794,5.015601459043692,19.27034366997346
1754,2012-12-01,130124.7,26218.5,588.4,76013.4,99978,25685,35046051.8,11637787.1,845.76,18.98,4197.57,496199.5253961897,2.090977754333601,False,11349873.8,0.2622426933925463,5.066174810200506,19.31865000569164
1755,2013-01-01,105595.6,25206.1,514.6,76528.0,98868,25954,35151647.4,11662993.2,813.1,16.6,3406.31,414186.4779081255,-16.5282398088916,False,11375079.9,0.2549470000404579,4.068567465515913,15.95848339015664
1756,2013-02-01,112419.1,22975.8,586.3,77114.3,89814,22528,35264066.5,11685969.0,820.56,20.94,4014.97,439454.0798318231,6.100537625301805,False,11398055.7,0.2558153517269022,4.990194424715909,19.507017037989307
1757,2013-03-01,126021.5,25192.7,661.2,77775.5,93102,24599,35390088.0,11711161.7,812.67,21.33,4065.21,465724.3444728037,5.977931676282089,False,11423248.4,0.2705924684754355,5.123033456644579,18.93265354172136
1758,2013-04-01,130132.6,23790.2,607.1,78382.6,91502,25188,35520220.6,11734951.9,793.01,20.24,4337.75,500516.7323183496,7.470596772202387,False,11447038.599999998,0.2599965028086818,5.166452278862951,19.87123758608661
1759,2013-05-01,120639.7,22491.8,537.0,78919.6,95250,25431,35640860.3,11757443.7,725.54,17.32,3891.6,510894.255906597,2.073361971373,False,11469530.4,0.2361343832020997,4.743804805159058,20.0894284891116
1760,2013-06-01,126987.7,21966.0,408.5,79328.1,87250,24288,35767848.0,11779409.7,732.2,13.62,4232.92,504401.20299553854,-1.2709191453985746,False,11491496.4,0.2517593123209169,5.228413208168643,20.76750671094938
1761,2013-07-01,133647.5,21372.2,464.0,79792.1,88184,24693,35901495.5,11800781.9,689.43,14.97,4311.21,551443.9851770056,9.32646113888891,False,11512868.599999998,0.2423591581239227,5.412363827805451,22.33199632191332
1762,2013-08-01,143069.5,23166.8,360.7,80152.8,90259,25298,36044565.0,11823948.7,747.32,11.64,4615.15,557405.8566785228,1.0811381866108194,False,11536035.4,0.2566702489502432,5.655368013281683,22.03359382870277
1763,2013-09-01,135486.1,22479.5,404.2,80557.0,85589,23946,36180051.1,11846428.2,749.32,13.47,4516.2,515853.102288752,-7.45466770610842,False,11558514.9,0.2626447323838343,5.6579846320888665,21.54234954851549
1764,2013-10-01,133431.0,23240.2,651.6,81208.6,94134,24726,36313482.1,11869668.4,749.68,21.02,4304.23,540459.7961291211,4.770097093764369,False,11581755.099999998,0.2468842288652346,5.396384372725067,21.85795503231906
1765,2013-11-01,119602.7,19841.1,612.2,81820.8,82592,23286,36433084.8,11889509.5,661.37,20.41,3986.76,497866.8621396999,-7.880870010032215,False,11601596.199999996,0.2402302886478109,5.136249248475479,21.380523152954563
1766,2013-12-01,137180.2,21690.1,739.4,82560.2,87334,25508,36570265.0,11911199.6,699.68,23.85,4425.17,552348.5639439193,10.943026328378512,False,11623286.299999995,0.2483580278013144,5.377928493021797,21.65393460655164
1767,2014-01-01,94362.3,21385.3,690.7,83250.9,82198,24710,36664627.3,11932584.9,689.85,22.28,3043.95,362697.3825665294,-34.33541675626506,False,11644671.599999998,0.2601681306114504,3.818789963577499,14.678161981648294
1768,2014-02-01,92219.8,20314.1,602.3,83853.2,71666,22394,36756847.1,11952899.0,725.5,21.51,3293.56,325341.7176640856,-10.299402945261594,False,11664985.699999996,0.2834551949320458,4.118058408502278,14.52807527302338
1769,2014-03-01,85850.1,21544.4,542.1,84395.3,79551,22564,36842697.2,11974443.4,694.98,17.49,2769.36,316994.73204637866,-2.565605689192662,False,11686530.099999998,0.2708250053424847,3.804737635171069,14.048694027937362
1770,2014-04-01,92029.2,21597.9,376.5,84771.8,78473,22290,36934726.4,11996041.3,719.93,12.55,3067.64,334375.44444598776,5.482965690756703,False,11708127.999999998,0.2752271481910976,4.1287213997308205,15.00114151843821
1771,2014-05-01,90281.9,21318.4,260.6,85032.4,81644,22774,37025008.3,12017359.7,687.69,8.41,2912.32,345756.50347117975,3.403676679682266,False,11729446.4,0.2611141051393856,3.964253095635373,15.182071813084209
1772,2014-06-01,93022.7,20912.3,365.2,85397.6,78956,22264,37118031.0,12038272.0,697.08,12.17,3100.76,351214.3715038518,1.5785293921816157,False,11750358.7,0.2648601752875019,4.178166546891843,15.77498973696783
1773,2014-07-01,103118.3,21605.0,408.0,85805.6,89098,22997,37221149.3,12059877.0,696.94,13.16,3326.4,425255.0008516547,21.0813210834087,False,11771963.7,0.242485802150441,4.4839892159846935,18.49175983178913
1774,2014-08-01,104456.6,22037.3,406.0,86211.6,89722,22963,37325605.9,12081914.3,710.88,13.1,3369.57,425281.4575832793,0.0062213804826738,False,11794001.0,0.2456175742850137,4.548909114662719,18.520291668478823
1775,2014-09-01,105386.9,22402.4,183.3,86394.9,85194,21770,37430992.8,12104316.7,746.75,6.11,3512.9,400775.43292682926,-5.7623073424618365,False,11816403.4,0.2629574852689156,4.840923288929719,18.4095283843284
1776,2014-10-01,99520.1,21277.9,219.3,86614.2,83438,22148,37530512.9,12125594.6,686.38,7.07,3210.33,390252.7083875758,-2.6255912101215584,False,11837681.3,0.2550145017857571,4.49341249774246,17.620223423675988
1777,2014-11-01,99417.6,19459.7,226.0,86840.2,82475,21672,37629930.5,12145054.3,648.66,7.53,3313.92,421356.26756835927,7.970107192668929,False,11857141.0,0.2359466505001515,4.587375415282392,19.44242652124212
1778,2014-12-01,106831.3,20105.8,211.1,87051.3,82744,24200,37736761.8,12165160.1,648.57,6.81,3446.17,439656.6705726706,4.343213668073043,False,11877246.8,0.2429880112153147,4.41451652892562,18.16763101539961
1779,2015-01-01,109605.2,20674.1,241.6,87292.9,83465,23667,37846367.0,12185834.2,666.91,7.79,3535.65,442495.5871355948,0.6457121551747047,False,11897920.9,0.2476978374168813,4.631140406473148,18.696733305260267
1780,2015-02-01,93930.6,17681.5,146.2,87439.1,73124,20738,37940297.6,12203515.7,631.48,5.22,3354.66,388461.4537454402,-12.211225368355338,False,11915602.4,0.2418015972868005,4.529395312952069,18.731866802268307
1781,2015-03-01,96965.8,17272.9,147.7,87586.8,78001,21627,38037263.4,12220788.6,557.19,4.76,3127.93,437878.3739731024,12.721190159589234,False,11932875.3,0.2214445968641427,4.483552966199658,20.24683839520517
1782,2015-04-01,107894.9,18064.3,259.0,87845.8,75710,23315,38145158.3,12238852.9,602.14,8.63,3596.5,452202.5696539584,3.271272694032601,False,11950939.6,0.2385985999207502,4.627703195367789,19.39534933107263
1783,2015-05-01,139096.9,19589.9,295.1,88140.9,74139,26145,38284255.2,12258442.8,631.93,9.52,4487.0,526419.4849948187,16.412316143549056,False,11970529.500000002,0.2642320506076424,5.320210365270606,20.13461407515084
1784,2015-06-01,124170.6,20395.0,270.6,88411.5,71737,24230,38408425.8,12278837.8,679.83,9.02,4139.02,436755.3975091935,-17.032820790535098,False,11990924.500000002,0.2843023823131717,5.12466364011556,18.025398163813183
1785,2015-07-01,136251.7,22594.4,234.3,88645.8,72356,24660,38544677.5,12301432.2,728.85,7.56,4395.22,436330.5954218744,-0.097263156847438,False,12013518.900000002,0.3122671236663166,5.525210867802109,17.693860317188744
1786,2015-08-01,145521.0,23031.9,194.1,88839.9,72968,24096,38690198.5,12324464.1,742.96,6.26,4694.23,461029.1086710171,5.660504559681967,False,12036550.800000004,0.3156438438767679,6.03921812749004,19.13301413807342
1787,2015-09-01,105166.0,20922.7,57.2,88897.1,63543,19102,38795364.5,12345386.8,697.42,1.91,3505.53,319392.9625717522,-30.72173609765152,False,12057473.500000002,0.3292683694506083,5.505496806617108,16.720393810687476
1788,2015-10-01,127544.0,21203.6,56.2,88953.3,69467,19920,38922908.5,12366590.4,683.99,1.81,4114.32,417858.2433171726,30.828882375046064,False,12078677.1,0.3052327004189039,6.40281124497992,20.97681944363316
1789,2015-11-01,132761.4,20483.5,13.2,88966.5,63802,19651,39055669.9,12387073.9,682.78,0.44,4425.38,413525.171127981,-1.036971810055343,False,12099160.6,0.3210479295319896,6.755961528675385,21.0434670565356
1790,2015-12-01,133258.9,21627.0,18.5,88985.0,66517,21154,39188928.8,12408700.9,697.65,0.6,4298.67,409857.2271373745,-0.8869941291847816,False,12120787.6,0.325134927913165,6.2994658220667485,19.374928010653992
1791,2016-01-01,129805.7,20644.7,72.1,89057.1,62967,20388,39318734.5,12429345.6,665.96,2.33,4187.28,395911.5662567148,-3.4025655660783305,False,12141432.3,0.3278653898073594,6.366769668432411,19.41885257292107
1792,2016-02-01,111030.4,20068.8,9.4,89066.5,53562,18192,39429764.9,12449414.4,692.03,0.32,3828.63,296331.1351351351,-25.15219044068297,False,12161501.1,0.3746835443037974,6.10325417766051,16.289090541729063
1793,2016-03-01,115522.1,22393.4,2.6,89069.1,51708,18428,39545287.0,12471807.8,722.37,0.08,3726.52,266748.9861655666,-9.982801488638115,False,12183894.500000002,0.4330741858126402,6.268835467766443,14.475200030690614
1799,2016-09-01,100834.6,12459.4,0.3,89069.4,40408,15781,40217979.7,12584396.6,415.31,0.01,3361.15,327024.1357368734,3.6843136750343897,False,12296483.3,0.3083399326865967,6.389620429630569,20.722649752035576
1804,2017-02-01,82992.6,15994.3,0.6,89070.0,33632,14650,40729085.6,12670876.1,571.23,0.02,2964.02,174512.61531920749,-24.748214128613068,False,12382962.8,0.4755679115128449,5.665023890784983,11.91212391257389
1805,2017-03-01,101647.3,16406.8,0.9,89070.9,36461,18566,40830732.9,12687282.9,529.25,0.03,3278.95,225891.8378538168,29.441552085291733,False,12399369.6,0.4499821727325087,5.474916514057956,12.166963150587996
2314,2000-10-01,77426.9,23342.7,31.1,31.1,28118,13664,6802159.0,2892335.1,752.99,1.0,2497.64,93266.39909693394,-6.991552767163423,False,2374559.5500000007,0.8301692865779927,5.666488583138173,6.825702510021512
2315,2000-11-01,79351.9,22474.9,62.8,93.9,26828,13916,6881510.9,2914810.0,749.16,2.09,2645.06,94721.3457323503,1.5599901459733667,False,2397034.4500000007,0.8377404204562398,5.702206093705088,6.806650311321523
2316,2000-12-01,78433.3,22580.3,189.8,283.7,26494,14126,6959944.2,2937390.3,728.4,6.12,2530.11,92027.64578858564,-2.843815111512582,False,2419614.7500000005,0.8522797614554238,5.552406909245363,6.514770337575083
2317,2001-01-01,61272.1,23523.6,244.5,528.2,24572,14029,7021216.3,2960913.9,758.83,7.89,1976.52,64002.87546123893,-30.452555954465875,False,2443138.350000001,0.9573335503825492,4.367531541806258,4.562183723803473
2319,2001-03-01,55001.3,22463.9,231.5,973.5,22617,13372,7123788.1,3004657.8,724.64,7.47,1774.24,55376.1547238013,14.51438065336681,False,2486882.2500000005,0.9932307556262988,4.113169309003889,4.141202118142485
2320,2001-04-01,55581.3,21725.0,232.5,1206.0,20726,11780,7179369.4,3026382.8,724.17,7.75,1852.71,53025.45564096663,-4.244966257695603,False,2508607.2500000005,1.0482003280903214,4.718276740237691,4.501312023851157
2321,2001-05-01,50851.0,21245.8,240.6,1446.6,22945,10206,7230220.4,3047628.6,685.35,7.76,1640.35,54917.96943395872,3.569066536280663,False,2529853.0500000003,0.9259446502505992,4.982461297276112,5.380949386043378
2322,2001-06-01,50311.8,18851.3,223.9,1670.5,22903,10106,7280532.2,3066479.9,628.38,7.46,1677.06,61125.288728098334,11.302892947642928,False,2548704.35,0.8230930445793128,4.978408866020186,6.048415666742364
2323,2001-07-01,62210.7,18806.35,100.4,1770.9,24683,11419,7355021.7,3086106.3,616.7950000000001,3.24,2033.845,93681.18088391144,2.4255941837592943,True,2567510.7,0.761915083255682,5.447998949119889,7.150401755849818
2324,2001-08-01,74109.6,18761.4,246.2,2017.1,22186,12772,7429131.3,3104867.7,605.21,7.94,2390.63,87637.14784610957,-6.45170458012434,False,2586272.1,0.8456413954746237,5.802505480739117,6.861662061236264
2325,2001-09-01,75637.0,18791.8,174.2,2191.3,22504,12161,7504768.3,3123659.5,626.39,5.81,2521.23,90578.60598771804,3.35640560413224,False,2605063.9,0.8350426590828297,6.219636543047447,7.4482859952074705
2326,2001-10-01,75726.7,19662.6,232.8,2424.1,22356,12161,7580495.0,3143322.1,634.28,7.51,2442.8,86099.80903847916,-4.944652106752667,False,2624726.5,0.8795222758990874,6.227012581202204,7.079994164828481
2327,2001-11-01,72858.0,19354.6,239.3,2663.4,19662,11520,7653353.0,3162676.7,645.15,7.98,2428.6,74015.16931375487,-14.03561733722719,False,2644081.1,0.9843657817109144,6.324479166666666,6.424927891818999
2328,2001-12-01,73911.1,20096.3,246.0,2909.4,18488,11901,7727264.1,3182773.0,648.27,7.94,2384.23,67996.02000368228,-8.132318504274505,False,2664177.4,1.0869915620943311,6.210494916393581,5.713471137188663
2329,2002-01-01,72820.6,18301.9,240.3,3149.7,17879,11896,7800084.7,3201074.9,590.38,7.75,2349.05,71137.94236663953,4.620744512380437,False,2682479.3,1.0236534481794284,6.121435776731675,5.979988430282409
2330,2002-02-01,68299.5,16263.3,225.0,3374.7,16312,11102,7868384.2,3217338.2,580.83,8.04,2439.27,68504.02095515671,-3.7025549571110594,False,2698742.6,0.99701446787641,6.151999639704558,6.170421631702099
2331,2002-03-01,78472.6,19148.9,62.3,3437.0,19703,12416,7946856.8,3236487.1,617.71,2.01,2531.37,80743.31360025903,17.866531737041047,False,2717891.4999999995,0.971877379079328,6.320280283505155,6.503166366000243
2332,2002-04-01,75692.2,19101.4,31.8,3468.8,19096,12110,8022549.0,3255588.5,636.71,1.06,2523.07,75670.80167945805,-6.282268703900096,False,2736992.8999999994,1.0002827817343949,6.250388109000825,6.248621113084892
2333,2002-05-01,79407.2,20410.1,22.5,3491.3,19449,12368,8101956.2,3275998.6,658.39,0.73,2561.52,75667.96011778482,-0.0037551626388965,False,2757402.9999999995,1.0494164224381717,6.420375161707632,6.11804334716889
